UNITID,INSTNM,UGDS,PCTPELL,ADM_RATE,SAT_AVG,ACTCMMID,C150_4,MN_EARN_WNE_P8
132903,University of Central Florida,58392,0.3901,0.4253,1261.0,27.0,0.7254,45400
228723,Texas A & M University-College Station,53194,0.2154,0.6762,1291.0,28.0,0.8193,61600
204796,Ohio State University-Main Campus,45769,0.2033,0.5197,1359.0,30.0,0.8351,47400
232557,Liberty University,45370,0.4487,0.5554,1133.0,25.0,0.4981,38600
104151,Arizona State University-Tempe,42529,0.3026,0.8478,1240.0,26.0,0.6904,48800
133951,Florida International University,41777,0.4997,0.5856,1185.0,25.0,0.5781,46000
228778,The University of Texas at Austin,40329,0.2262,0.3852,1367.0,30.0,0.8276,60200
214777,Pennsylvania State University-Main Campus,40108,0.1445,0.5649,1269.0,28.0,0.8507,51200
171100,Michigan State University,39208,0.21899999999999997,0.7768,1224.0,26.0,0.7995,52700
142522,Brigham Young University-Idaho,37636,0.2507,0.9717,1140.0,23.0,0.5683,42800
225511,University of Houston,37291,0.3975,0.6234,1220.0,25.0,0.5946,55000
186380,Rutgers University-New Brunswick,35656,0.3068,0.6011,1303.0,28.0,0.8024,58000
110608,California State University-Northridge,34911,0.5785,0.5063,1027.0,19.0,0.5394,43500
110565,California State University-Fullerton,34637,0.4981,0.4341,1124.0,22.0,0.6775,44800
134130,University of Florida,34564,0.2664,0.3875,1362.0,30.0,0.8993,57800
228459,Texas State University,34187,0.3665,0.4554,1109.0,23.0,0.5547,46200
228769,The University of Texas at Arlington,34024,0.3609,0.7952,1157.0,23.0,0.4933,47800
104179,University of Arizona,33509,0.2896,0.8442,1198.0,25.0,0.6448,48100
243780,Purdue University-Main Campus,33495,0.1661,0.5798,1309.0,29.0,0.8061,55700
151351,Indiana University-Bloomington,32991,0.1853,0.7691,1275.0,28.0,0.7796,50300
145637,University of Illinois at Urbana-Champaign,32974,0.2256,0.6216,1338.0,29.0,0.8433,59600
100751,The University of Alabama,32177,0.1802,0.5906,1252.0,27.0,0.7188,45600
134097,Florida State University,32072,0.3116,0.3678,1289.0,28.0,0.8288,48200
110662,University of California-Los Angeles,31568,0.3382,0.1404,1423.0,32.0,0.9051,63900
110583,California State University-Long Beach,31503,0.5256,0.3121,1146.0,23.0,0.6937,46200
174066,University of Minnesota-Twin Cities,31451,0.18600000000000003,0.5187,1336.0,29.0,0.8019,54400
230038,Brigham Young University-Provo,31441,0.3748,0.6447,1324.0,29.0,0.8644,58800
227216,University of North Texas,31375,0.3706,0.7105,1163.0,24.0,0.5316,43900
137351,University of South Florida-Main Campus,31321,0.3758,0.4263,1265.0,28.0,0.7344,43300
236948,University of Washington-Seattle Campus,30905,0.2161,0.4869,1347.0,30.0,0.8416,61000
110635,University of California-Berkeley,30845,0.2676,0.1484,1448.0,33.0,0.914,68100
229115,Texas Tech University,30795,0.281,0.7067,1175.0,25.0,0.6008,54500
110644,University of California-Davis,30698,0.3822,0.4107,1292.0,28.0,0.8645,56600
240444,University of Wisconsin-Madison,30360,0.1412,0.5173,1365.0,30.0,0.8722,58800
110680,University of California-San Diego,30279,0.3629,0.3006,1372.0,30.0,0.8590000000000001,58900
163286,University of Maryland-College Park,30184,0.1915,0.4716,1390.0,31.0,0.8618,59500
170976,University of Michigan-Ann Arbor,30079,0.1626,0.2283,1434.0,32.0,0.9189,68200
122409,San Diego State University,30018,0.3397,0.3458,1213.0,25.0,0.7409,48500
126614,University of Colorado Boulder,29753,0.1644,0.8154,1281.0,28.0,0.7077,50200
110653,University of California-Irvine,29722,0.4212,0.2876,1316.0,29.0,0.8337,54300
139959,University of Georgia,29474,0.2181,0.4863,1345.0,30.0,0.8574,53000
153603,Iowa State University,29248,0.2113,0.9059999999999999,1219.0,25.0,0.7472,49300
110617,California State University-Sacramento,28439,0.5403,0.6386,1030.0,19.0,0.5114,48100
233921,Virginia Polytechnic Institute and State University,27730,0.1605,0.6485,1293.0,28.0,0.8373,59000
229027,The University of Texas at San Antonio,27380,0.4385,0.7903,1131.0,23.0,0.3969,44800
122755,San Jose State University,27125,0.4297,0.5466,1143.0,23.0,0.6491,54300
139940,Georgia State University,26489,0.5031,0.7137,1160.0,24.0,0.5426,43300
193900,New York University,26339,0.19699999999999998,0.1999,1419.0,32.0,0.8519,68700
218663,University of South Carolina-Columbia,26300,0.2076,0.6306,1287.0,28.0,0.7702,49900
201885,University of Cincinnati-Main Campus,25973,0.2168,0.7312,1269.0,27.0,0.6802,44400
122597,San Francisco State University,25799,0.4603,0.7176,1054.0,20.0,0.5489999999999999,49000
236939,Washington State University,25675,0.32299999999999995,0.7719,1123.0,23.0,0.5889,51000
232186,George Mason University,25508,0.302,0.8106,1227.0,27.0,0.6999,56300
110529,California State Polytechnic University-Pomona,24841,0.4881,0.5515,1143.0,23.0,0.7111,49400
209542,Oregon State University,24787,0.2533,0.8063,1205.0,25.0,0.6703,49000
182281,University of Nevada-Las Vegas,24707,0.3747,0.8204,1113.0,22.0,0.4285,45700
227368,The University of Texas Rio Grande Valley,24596,0.6296,0.8104,1035.0,20.0,0.4587,40600
126818,Colorado State University-Fort Collins,24210,0.2318,0.8387,1197.0,26.0,0.7115,46200
110592,California State University-Los Angeles,24163,0.6871,0.4152,978.0,18.0,0.485,44200
100858,Auburn University,24147,0.1537,0.7543,1289.0,28.0,0.7812,50800
199139,University of North Carolina at Charlotte,23939,0.3668,0.6683,1190.0,24.0,0.5896,44800
199193,North Carolina State University at Raleigh,23708,0.2115,0.4685,1336.0,29.0,0.8062,50700
159391,Louisiana State University and Agricultural & Mechanical College,23468,0.2037,0.7423,1242.0,26.0,0.6657,52000
153658,University of Iowa,23410,0.1964,0.8267,1233.0,26.0,0.7321,56100
230764,University of Utah,23396,0.2777,0.6686,1236.0,26.0,0.695,55300
133669,Florida Atlantic University,23265,0.3941,0.5932,1159.0,23.0,0.5226,44200
166629,University of Massachusetts-Amherst,23202,0.2405,0.5992,1302.0,29.0,0.7982,51600
106397,University of Arkansas,23121,0.1998,0.7747,1238.0,26.0,0.6553,46900
110705,University of California-Santa Barbara,23063,0.3707,0.322,1360.0,30.0,0.8185,52100
221759,The University of Tennessee-Knoxville,22653,0.2644,0.7778,1303.0,28.0,0.725,51000
234030,Virginia Commonwealth University,22497,0.2848,0.8625,1172.0,25.0,0.6708,44200
198464,East Carolina University,22330,0.3458,0.8220000000000001,1124.0,23.0,0.6452,41700
139931,Georgia Southern University,22239,0.3697,0.6767,1139.0,23.0,0.5049,42500
204857,Ohio University-Main Campus,22072,0.2721,0.7829999999999999,1170.0,24.0,0.6435,41200
178396,University of Missouri-Columbia,22030,0.1916,0.7784,1244.0,26.0,0.6902,49600
203517,Kent State University at Kent,21793,0.298,0.8535,1131.0,23.0,0.5966,38500
157085,University of Kentucky,21746,0.2381,0.9448,1239.0,26.0,0.6616,51700
110556,California State University-Fresno,21732,0.5954,0.5753,1019.0,19.0,0.5399,43400
207500,University of Oklahoma-Norman Campus,21675,0.2306,0.7769,1249.0,26.0,0.672,56000
230728,Utah State University,21658,0.3515,0.8905,1201.0,25.0,0.4959,43400
170082,Grand Valley State University,21589,0.3157,0.8275,1158.0,24.0,0.6614,42800
196088,University at Buffalo,21404,0.325,0.5585,1250.0,27.0,0.7552,54400
228796,The University of Texas at El Paso,21291,0.5867,0.9999,1035.0,20.0,0.3938,39300
110422,California Polytechnic State University-San Luis Obispo,21047,0.1818,0.3017,1339.0,29.0,0.8174,63300
240453,University of Wisconsin-Milwaukee,21027,0.3497,0.7403,1120.0,22.0,0.4429,43000
151111,Indiana University-Purdue University-Indianapolis,20651,0.3619,0.8112,1111.0,23.0,0.4747,49300
181464,University of Nebraska-Lincoln,20592,0.22699999999999998,0.7961,1236.0,26.0,0.6873,45500
110671,University of California-Riverside,20574,0.5386,0.5057,1229.0,26.0,0.7453,45300
238032,West Virginia University,20499,0.2416,0.8161,1169.0,24.0,0.5953,46000
145600,University of Illinois at Chicago,20435,0.5339,0.7555,1145.0,24.0,0.5936,54300
207388,Oklahoma State University-Main Campus,20323,0.2813,0.7379,1209.0,25.0,0.6129,50500
228787,The University of Texas at Dallas,19837,0.3434,0.6922,1330.0,29.0,0.7234,54400
232423,James Madison University,19679,0.1532,0.7113,1212.0,26.0,0.8363,53200
164076,Towson University,19623,0.2992,0.79,1131.0,23.0,0.7264,49000
217882,Clemson University,19564,0.1721,0.4719,1337.0,30.0,0.8296,53900
123961,University of Southern California,19548,0.2115,0.1296,1445.0,32.0,0.9239,76900
232982,Old Dominion University,19194,0.3976,0.8699,1093.0,21.0,0.5159,44000
155317,University of Kansas,19135,0.2182,0.9171,1250.0,26.0,0.6478,52300
215293,University of Pittsburgh-Pittsburgh Campus,19127,0.1594,0.5927,1367.0,31.0,0.8252,50000
130943,University of Delaware,19060,0.1362,0.6639,1267.0,28.0,0.8136,56200
199120,University of North Carolina at Chapel Hill,18946,0.2256,0.2271,1398.0,31.0,0.8934,60800
209551,University of Oregon,18923,0.2488,0.8337,1199.0,25.0,0.7268,47000
129020,University of Connecticut,18830,0.2194,0.4877,1318.0,29.0,0.8455,57300
127565,Metropolitan State University of Denver,18809,0.3621,0.5945,1016.0,20.0,0.2816,39800
209807,Portland State University,18541,0.3862,0.902,1111.0,22.0,0.4911,44400
227881,Sam Houston State University,18498,0.3679,0.7854,1075.0,21.0,0.5209,45600
145813,Illinois State University,18044,0.2879,0.8918,1122.0,23.0,0.6911,46700
176080,Mississippi State University,18010,0.3266,0.5692,1230.0,26.0,0.5835,43200
220978,Middle Tennessee State University,18001,0.4026,0.9353,1149.0,23.0,0.4422,39200
110714,University of California-Santa Cruz,17792,0.3725,0.4737,1311.0,29.0,0.7447,44700
176017,University of Mississippi,17784,0.2516,0.8806,1207.0,25.0,0.6421,50500
110510,California State University-San Bernardino,17704,0.6364,0.5483,991.0,18.0,0.568,42400
482680,University of North Georgia,17661,0.3173,0.8094,1130.0,23.0,0.341,43900
172699,Western Michigan University,17519,0.3424,0.8109999999999999,1107.0,23.0,0.5263,42400
182290,University of Nevada-Reno,17513,0.2742,0.8815,1172.0,24.0,0.5755,48600
196097,Stony Brook University,17407,0.3447,0.4198,1326.0,29.0,0.7378,52800
187985,University of New Mexico-Main Campus,17321,0.354,0.6961,1120.0,22.0,0.4981,39000
197869,Appalachian State University,17265,0.2978,0.6946,1210.0,26.0,0.7204,38100
164988,Boston University,17238,0.1483,0.2209,1420.0,32.0,0.8817,63400
172644,Wayne State University,17114,0.442,0.7115,1127.0,24.0,0.4696,44300
204024,Miami University-Oxford,17038,0.1107,0.7455,1297.0,28.0,0.8003,48800
179566,Missouri State University-Springfield,16948,0.293,0.8497,1169.0,24.0,0.5446,40700
142115,Boise State University,16526,0.2611,0.8075,1140.0,24.0,0.4645,39200
234076,University of Virginia-Main Campus,16405,0.1293,0.2643,1427.0,32.0,0.9431,65300
110538,California State University-Chico,16317,0.4589,0.6526,1092.0,21.0,0.6627,48300
199148,University of North Carolina at Greensboro,16238,0.4799,0.8384,1100.0,23.0,0.5348,37400
169248,Central Michigan University,16157,0.3433,0.6884,1115.0,24.0,0.6164,42400
184782,Rowan University,15755,0.3317,0.7272,1122.0,24.0,0.7175,49000
220862,University of Memphis,15563,0.4573,0.843,1133.0,23.0,0.478,39000
212054,Drexel University,15557,0.2319,0.7694,1281.0,28.0,0.7356,67400
171571,Oakland University,15476,0.3151,0.8391,1145.0,25.0,0.5528,45400
169798,Eastern Michigan University,15325,0.4122,0.757,1025.0,19.0,0.4511,40100
139755,Georgia Institute of Technology-Main Campus,15201,0.1485,0.2153,1465.0,33.0,0.8734,73200
190415,Cornell University,15105,0.1621,0.1061,1471.0,33.0,0.9452,86300
237011,Western Washington University,15071,0.2623,0.8766,1193.0,26.0,0.6847,43300
206084,University of Toledo,14893,0.3097,0.9365,1145.0,23.0,0.46799999999999997,45100
366711,California State University-San Marcos,14871,0.466,0.5842,1047.0,20.0,0.5493,46800
196413,Syracuse University,14759,0.2015,0.4986,1284.0,28.0,0.8285,57500
180461,Montana State University,14566,0.2342,0.8170000000000001,1205.0,25.0,0.5736,43300
157289,University of Louisville,14488,0.287,0.7243,1227.0,26.0,0.5654,42700
216764,West Chester University of Pennsylvania,14249,0.2614,0.7444,1130.0,24.0,0.7471,44400
160658,University of Louisiana at Lafayette,14245,0.3365,0.5599,1202.0,25.0,0.4821,42000
136172,University of North Florida,14223,0.2909,0.6108,1195.0,24.0,0.5866,44100
223232,Baylor University,14159,0.1901,0.3895,1307.0,29.0,0.7908,51200
199218,University of North Carolina Wilmington,14076,0.2784,0.6125,1234.0,25.0,0.7279,41900
196079,Binghamton University,13990,0.2802,0.3981,1376.0,30.0,0.8143,57100
157951,Western Kentucky University,13959,0.3065,0.9721,1162.0,24.0,0.4456,35900
167358,Northeastern University,13760,0.121,0.1934,1466.0,33.0,0.8812,65800
217484,University of Rhode Island,13743,0.2366,0.6948,1160.0,24.0,0.6729999999999999,50700
201441,Bowling Green State University-Main Campus,13729,0.2853,0.7227,1084.0,22.0,0.5606,39300
200800,University of Akron Main Campus,13676,0.3393,0.6893,1133.0,23.0,0.3937,38500
433660,Florida Gulf Coast University,13639,0.3107,0.6492,1143.0,23.0,0.4766,44000
196060,SUNY at Albany,13434,0.4141,0.5208,1185.0,25.0,0.6362,48500
166513,University of Massachusetts-Lowell,13385,0.2719,0.7183,1240.0,27.0,0.6292,52200
100663,University of Alabama at Birmingham,13186,0.3632,0.9211,1220.0,25.0,0.5829,44100
102368,Troy University,13147,0.4015,0.8767,1082.0,21.0,0.4279,37500
206941,University of Central Oklahoma,13118,0.3683,0.7822,1105.0,22.0,0.3569,40900
195003,Rochester Institute of Technology,12886,0.2898,0.6602,1319.0,30.0,0.6748,58700
147703,Northern Illinois University,12761,0.446,0.5438,1095.0,22.0,0.4551,45100
183044,University of New Hampshire-Main Campus,12668,0.2171,0.7678,1186.0,25.0,0.7707,50800
141574,University of Hawaii at Manoa,12609,0.2932,0.8352,1155.0,24.0,0.5865,45600
225432,University of Houston-Downtown,12572,0.4796,0.8317,1012.0,19.0,0.204,45100
156620,Eastern Kentucky University,12246,0.395,0.8729,1147.0,23.0,0.4678,36300
181394,University of Nebraska at Omaha,12230,0.3466,0.8168,1135.0,23.0,0.4845,44000
131469,George Washington University,12161,0.1423,0.4187,1380.0,31.0,0.8207,74900
195809,St John's University-New York,11907,0.2781,0.7306,1181.0,26.0,0.6079,54300
126562,University of Colorado Denver/Anschutz Medical Campus,11892,0.265,0.6363,1132.0,24.0,0.4807,57100
176372,University of Southern Mississippi,11834,0.4769,0.9788,1120.0,22.0,0.48700000000000004,38200
146719,Loyola University Chicago,11727,0.2578,0.6792,1261.0,28.0,0.7424,54200
185262,Kean University,11679,0.4655,0.8598,991.0,20.0,0.4881,43400
173920,Minnesota State University-Mankato,11675,0.2725,0.6092,1105.0,22.0,0.4996,44200
202134,Cleveland State University,11603,0.4253,0.8834,1111.0,22.0,0.4526,42000
140951,Savannah College of Art and Design,11363,0.2131,0.7027,1157.0,24.0,0.6847,37700
228529,Tarleton State University,11312,0.4158,0.5507,1056.0,21.0,0.4633,43100
200332,North Dakota State University-Main Campus,11182,0.2126,0.9253,1170.0,24.0,0.5759,51900
163268,University of Maryland-Baltimore County,11156,0.2986,0.5794,1274.0,27.0,0.6839,51800
156125,Wichita State University,11148,0.3354,0.965,1152.0,23.0,0.4703,42800
188030,New Mexico State University-Main Campus,11139,0.4278,0.6566,1050.0,20.0,0.4671,34800
240189,University of Wisconsin-Whitewater,11045,0.2742,0.7578,1105.0,22.0,0.5796,41600
169910,Ferris State University,11008,0.37200000000000005,0.809,1070.0,23.0,0.4895,46100
160612,Southeastern Louisiana University,10994,0.3568,0.8963,1105.0,22.0,0.3959,38900
135726,University of Miami,10873,0.1485,0.3215,1365.0,31.0,0.8188,64900
149231,Southern Illinois University-Edwardsville,10786,0.3465,0.8744,1156.0,24.0,0.4875,45200
215062,University of Pennsylvania,10764,0.1308,0.0841,1492.0,34.0,0.9549,107800
220075,East Tennessee State University,10760,0.4081,0.8713,1167.0,24.0,0.4472,37100
240365,University of Wisconsin-Oshkosh,10749,0.2183,0.7084,1105.0,22.0,0.5337,42500
231174,University of Vermont,10612,0.1559,0.6756,1289.0,29.0,0.7633,48700
234827,Central Washington University,10529,0.3554,0.7816,1062.0,21.0,0.5473,44500
240268,University of Wisconsin-Eau Claire,10485,0.23600000000000002,0.7796,1170.0,24.0,0.6678,45400
126580,University of Colorado Colorado Springs,10475,0.3221,0.9118,1123.0,23.0,0.4459,41600
228431,Stephen F Austin State University,10474,0.4153,0.6765,1085.0,21.0,0.4844,41400
141334,University of West Georgia,10448,0.4705,0.5819,1021.0,20.0,0.4225,39100
235097,Eastern Washington University,10379,0.3726,0.6342,991.0,20.0,0.4409,42400
151324,Indiana State University,10348,0.425,0.8991,1019.0,20.0,0.4078,38500
199102,North Carolina A & T State University,10299,0.6034,0.6143,1032.0,20.0,0.5274,35500
157447,Northern Kentucky University,10201,0.3079,0.8926,1148.0,23.0,0.4248,38400
221740,The University of Tennessee-Chattanooga,10152,0.3388,0.7562,1185.0,24.0,0.4777,39000
206604,Wright State University-Main Campus,10140,0.3333,0.9490000000000001,1100.0,22.0,0.3933,39300
102094,University of South Alabama,10035,0.3922,0.7931,1186.0,24.0,0.4417,42400
206695,Youngstown State University,10030,0.3966,0.6877,1083.0,21.0,0.3655,37200
200280,University of North Dakota,9910,0.1869,0.8221,1181.0,24.0,0.5456,53600
240727,University of Wyoming,9854,0.2181,0.9603,1202.0,25.0,0.5670000000000001,48400
200004,Western Carolina University,9835,0.3895,0.3966,1128.0,23.0,0.6155,36800
224147,Texas A & M University-Corpus Christi,9672,0.4092,0.8699,1068.0,21.0,0.3685,44500
164924,Boston College,9639,0.1344,0.2789,1429.0,33.0,0.919,82200
217819,College of Charleston,9622,0.2468,0.7926,1188.0,25.0,0.7135,43100
240329,University of Wisconsin-La Crosse,9517,0.2044,0.7065,1220.0,25.0,0.7074,47700
218724,Coastal Carolina University,9474,0.3493,0.6955,1103.0,22.0,0.4372,39900
149222,Southern Illinois University-Carbondale,9447,0.3893,0.7185,1124.0,23.0,0.4144,43200
228875,Texas Christian University,9407,0.1389,0.4073,1287.0,28.0,0.8254,55300
196042,Farmingdale State College,9394,0.3344,0.4607,1091.0,22.0,0.4966,49800
191241,Fordham University,9392,0.1911,0.4602,1354.0,30.0,0.8332,60200
154095,University of Northern Iowa,9391,0.2744,0.8074,1169.0,24.0,0.6547,44800
138354,The University of West Florida,9371,0.3836,0.4242,1189.0,25.0,0.4338,37100
229179,Texas Woman's University,9336,0.4146,0.868,1059.0,20.0,0.4307,45900
128771,Central Connecticut State University,9325,0.3762,0.6724,1076.0,22.0,0.5136,45100
219356,South Dakota State University,9314,0.2178,0.9243,1149.0,23.0,0.5634,45600
165024,Bridgewater State University,9312,0.3776,0.9014,1073.0,22.0,0.6035,42200
174233,University of Minnesota-Duluth,9108,0.2175,0.7432,1172.0,24.0,0.5885,49100
213020,Indiana University of Pennsylvania-Main Campus,9069,0.373,0.93,1019.0,20.0,0.5644,38500
219602,Austin Peay State University,9064,0.5149,0.9378,1105.0,22.0,0.4061,35000
174783,Saint Cloud State University,8983,0.2784,0.862,1086.0,21.0,0.4443,43400
106704,University of Central Arkansas,8906,0.4298,0.9109999999999999,1186.0,24.0,0.4113,37500
127741,University of Northern Colorado,8903,0.3001,0.9075,1099.0,22.0,0.473,40900
161253,University of Maine,8861,0.3104,0.9234,1156.0,25.0,0.6027,42500
221847,Tennessee Technological University,8805,0.3629,0.7576,1189.0,24.0,0.5514,40300
186399,Rutgers University-Newark,8761,0.585,0.6274,1105.0,22.0,0.6425,58000
448886,Arizona State University-Downtown Phoenix,8697,0.4084,0.8062,1162.0,23.0,0.6948,48800
187444,William Paterson University of New Jersey,8643,0.5083,0.9333,994.0,20.0,0.5236,42600
123572,Sonoma State University,8642,0.3544,0.8965,1072.0,21.0,0.6293,46600
106458,Arkansas State University-Main Campus,8623,0.4117,0.7721,1189.0,24.0,0.4822,35100
226091,Lamar University,8623,0.4025,0.8432,1043.0,21.0,0.2734,42000
186876,Stockton University,8569,0.396,0.8437,1096.0,22.0,0.7442,42400
152080,University of Notre Dame,8568,0.1061,0.1771,1502.0,34.0,0.9696,74700
227526,Prairie View A & M University,8524,0.6611,0.7434,980.0,19.0,0.3489,38600
202480,University of Dayton,8508,0.1165,0.7154,1263.0,27.0,0.7919,55800
137032,Saint Leo University,8484,0.5036,0.6026,1079.0,23.0,0.5142,45500
147767,Northwestern University,8451,0.1645,0.0847,1508.0,34.0,0.9464,82800
194310,Pace University,8439,0.2898,0.7587,1154.0,25.0,0.5579,57500
137847,The University of Tampa,8422,0.2274,0.4869,1182.0,25.0,0.6015,48000
141264,Valdosta State University,8404,0.4923,0.626,1076.0,21.0,0.4181,37300
127556,Colorado Mesa University,8384,0.3472,0.8072,1022.0,21.0,0.3573,38800
179557,Southeast Missouri State University,8379,0.3231,0.8293,1135.0,23.0,0.489,35300
160038,Northwestern State University of Louisiana,8265,0.4715,0.8198,1102.0,22.0,0.446,39300
190150,Columbia University in the City of New York,8216,0.2365,0.0591,1512.0,34.0,0.9582,95500
224554,Texas A & M University-Commerce,8201,0.473,0.3437,1050.0,20.0,0.4,38300
239105,Marquette University,8200,0.17600000000000002,0.8166,1271.0,27.0,0.8469,62400
159647,Louisiana Tech University,8192,0.2259,0.6307,1219.0,25.0,0.5363,45100
180489,The University of Montana,8173,0.3581,0.882,1150.0,23.0,0.4555,38700
240480,University of Wisconsin-Stevens Point,8161,0.3243,0.8329,1120.0,22.0,0.6209,38300
176965,University of Central Missouri,8113,0.3281,0.8597,1105.0,22.0,0.494,38800
479956,Pennsylvania State University-World Campus,8102,0.32899999999999996,0.5426,1139.0,24.0,0.2927,51200
237525,Marshall University,8086,0.4227,0.9062,1100.0,22.0,0.4591,38300
211158,Bloomsburg University of Pennsylvania,7920,0.3315,0.7678,1073.0,22.0,0.5958,42600
160755,Tulane University of Louisiana,7920,0.1229,0.1733,1428.0,32.0,0.8536,64000
130493,Southern Connecticut State University,7890,0.3908,0.6623,1027.0,21.0,0.5052,43900
445188,University of California-Merced,7881,0.6434,0.6617,1123.0,23.0,0.6615,PrivacySuppressed
185828,New Jersey Institute of Technology,7820,0.3558,0.6366,1287.0,28.0,0.652,61000
110361,California Baptist University,7811,0.4602,0.7955,1103.0,22.0,0.5491,43200
240462,University of Wisconsin-Platteville,7786,0.2498,0.8236,1150.0,23.0,0.536,46800
133650,Florida Agricultural and Mechanical University,7711,0.6103,0.3886,1097.0,21.0,0.5087,39600
178402,University of Missouri-Kansas City,7681,0.2578,0.5648,1204.0,25.0,0.4886,50000
229063,Texas Southern University,7604,0.6331,0.5663,920.0,17.0,0.2135,34600
166027,Harvard University,7582,0.1088,0.0473,1520.0,34.0,0.9771,123700
142285,University of Idaho,7528,0.2978,0.7725,1125.0,23.0,0.5938,43400
131159,American University,7485,0.1659,0.3154,1320.0,29.0,0.7982,56400
100706,University of Alabama in Huntsville,7458,0.2698,0.8087,1314.0,28.0,0.5187,45900
240417,University of Wisconsin-Stout,7445,0.2682,0.9011,1135.0,23.0,0.5822,44900
216038,Slippery Rock University of Pennsylvania,7436,0.3301,0.7317,1096.0,22.0,0.6659999999999999,40900
172051,Saginaw Valley State University,7431,0.35200000000000004,0.7739,1101.0,23.0,0.4297,39800
130226,Quinnipiac University,7371,0.1598,0.7247,1190.0,26.0,0.7708,60900
151306,University of Southern Indiana,7369,0.2645,0.9458,1094.0,22.0,0.4665,36600
229814,West Texas A & M University,7368,0.3727,0.6488,1090.0,22.0,0.43700000000000006,42800
179867,Washington University in St Louis,7356,0.1165,0.1503,1506.0,34.0,0.9485,78500
213349,Kutztown University of Pennsylvania,7335,0.3477,0.831,1058.0,21.0,0.5462,39100
115755,Humboldt State University,7300,0.5647,0.7679,1074.0,21.0,0.5179,35300
230603,Southern Utah University,7293,0.4552,0.7918,1183.0,24.0,0.4926,39200
193654,The New School,7274,0.2013,0.5673,1265.0,27.0,0.7164,48800
151102,Purdue University Fort Wayne,7270,0.3093,0.9661,1080.0,22.0,0.3867,36400
178420,University of Missouri-St Louis,7136,0.2348,0.7255,1179.0,24.0,0.5208,44400
131496,Georgetown University,7089,0.1306,0.1452,1456.0,33.0,0.9413,101400
243744,Stanford University,7083,0.1606,0.0436,1497.0,34.0,0.9438,121400
175272,Winona State University,7052,0.2697,0.6572,1119.0,22.0,0.6393,43100
196194,SUNY College at Oswego,7039,0.4385,0.5362,1158.0,24.0,0.6354,40500
111948,Chapman University,7026,0.1917,0.5356,1288.0,28.0,0.7877,52800
196121,SUNY College at Brockport,7015,0.4188,0.5331,1107.0,23.0,0.6547,41300
139658,Emory University,6975,0.1818,0.1852,1449.0,33.0,0.9012,72300
171137,University of Michigan-Dearborn,6965,0.4375,0.7797,1195.0,27.0,0.5631,46900
226152,Texas A & M International University,6962,0.5264,0.5208,1010.0,19.0,0.4587,41400
482158,Middle Georgia State University,6931,0.4576,0.9196,980.0,18.0,0.1837,31400
179159,Saint Louis University,6917,0.1392,0.5753,1304.0,28.0,0.7713,54300
187134,The College of New Jersey,6886,0.1838,0.498,1265.0,28.0,0.8577,57000
221999,Vanderbilt University,6840,0.1471,0.0961,1514.0,34.0,0.9363,78000
157401,Murray State University,6830,0.3043,0.8142,1180.0,24.0,0.5547,38300
216597,Villanova University,6819,0.1144,0.2922,1407.0,32.0,0.9091,75900
178411,Missouri University of Science and Technology,6785,0.2552,0.8416,1313.0,28.0,0.6272,65400
149772,Western Illinois University,6754,0.48700000000000004,0.5878,1037.0,21.0,0.4629,42100
217156,Brown University,6752,0.1398,0.0767,1492.0,34.0,0.9504,76500
228802,The University of Texas at Tyler,6732,0.3344,0.7829,1184.0,24.0,0.4519,47400
171456,Northern Michigan University,6722,0.34700000000000003,0.6574,1091.0,23.0,0.466,35900
122612,University of San Francisco,6661,0.27399999999999997,0.6455,1237.0,26.0,0.7498,66400
167987,University of Massachusetts-Dartmouth,6649,0.3967,0.7754,1093.0,23.0,0.5627,47200
219709,Belmont University,6620,0.1653,0.8247,1250.0,27.0,0.7255,44700
191649,Hofstra University,6616,0.2221,0.632,1253.0,27.0,0.6256,51100
144050,University of Chicago,6600,0.1089,0.0726,1520.0,34.0,0.9423,89700
198419,Duke University,6596,0.1386,0.0891,1516.0,34.0,0.9562,103200
194824,Rensselaer Polytechnic Institute,6590,0.1782,0.4299,1415.0,31.0,0.862,73400
196176,State University of New York at New Paltz,6586,0.3544,0.4135,1197.0,27.0,0.7645,42000
240277,University of Wisconsin-Green Bay,6576,0.2731,0.7858,1120.0,22.0,0.5224,39500
117946,Loyola Marymount University,6557,0.1748,0.4713,1321.0,29.0,0.8358,62700
409698,California State University-Monterey Bay,6502,0.4987,0.5852,1057.0,20.0,0.6044,41900
211440,Carnegie Mellon University,6483,0.1371,0.1712,1507.0,34.0,0.8884,92200
217420,Rhode Island College,6480,0.4598,0.7346,994.0,18.0,0.5,40700
177968,Lindenwood University,6458,0.3287,0.8811,1117.0,23.0,0.5019,43600
228246,Southern Methodist University,6448,0.1248,0.5123,1395.0,31.0,0.7796,67000
163453,Morgan State University,6404,0.5241,0.6625,998.0,18.0,0.3894,35700
101480,Jacksonville State University,6394,0.3882,0.5429999999999999,1135.0,23.0,0.4247,34900
167729,Salem State University,6369,0.3727,0.847,1065.0,23.0,0.5783,43200
231624,William & Mary,6349,0.1208,0.3692,1410.0,32.0,0.9111,60100
195030,University of Rochester,6348,0.1806,0.2942,1422.0,32.0,0.8613,60400
174914,University of St Thomas,6344,0.1813,0.8039,1269.0,27.0,0.7727,56900
207263,Northeastern State University,6332,0.4586,0.9754,1064.0,21.0,0.3533,36500
106245,University of Arkansas at Little Rock,6328,0.36,0.7933,1099.0,22.0,0.3945,36900
196149,SUNY Cortland,6325,0.3178,0.4425,1138.0,24.0,0.7140000000000001,45000
192448,Long Island University,6323,0.2697,0.7554,1167.0,24.0,0.4571,51700
147776,Northeastern Illinois University,6306,0.4279,0.5563,995.0,19.0,0.2129,38500
159993,University of Louisiana at Monroe,6293,0.34700000000000003,0.7101,1135.0,23.0,0.4375,41700
139366,Columbus State University,6266,0.4536,0.5639,1019.0,21.0,0.3691,35300
157386,Morehead State University,6253,0.3284,0.7926,1150.0,23.0,0.4458,32600
219471,University of South Dakota,6228,0.2271,0.858,1135.0,23.0,0.5793,44500
198516,Elon University,6196,0.0892,0.7214,1265.0,28.0,0.8251,52800
131520,Howard University,6166,0.4437,0.3159,1210.0,25.0,0.6243,48400
159717,McNeese State University,6022,0.307,0.7032,1127.0,23.0,0.4517,41100
196185,SUNY Oneonta,6021,0.3271,0.5066,1074.0,24.0,0.7587,41300
212106,Duquesne University,6008,0.1969,0.7185,1229.0,27.0,0.7997,61100
130794,Yale University,5963,0.158,0.0635,1517.0,34.0,0.966,97100
199281,University of North Carolina at Pembroke,5960,0.5557,0.8123,1012.0,19.0,0.4069,33200
186584,Seton Hall University,5919,0.2801,0.7036,1236.0,26.0,0.7020000000000001,58300
199157,North Carolina Central University,5913,0.6483,0.4664,984.0,19.0,0.4585,31400
159939,University of New Orleans,5909,0.3606,0.5726,1136.0,23.0,0.3683,40300
222831,Angelo State University,5892,0.3028,0.7324,1033.0,20.0,0.3428,41400
139861,Georgia College & State University,5834,0.1946,0.7778,1207.0,25.0,0.6359,41200
228705,Texas A & M University-Kingsville,5811,0.4551,0.8911,1035.0,20.0,0.3727,44700
127060,University of Denver,5791,0.1676,0.5647,1300.0,29.0,0.7722,60900
122436,University of San Diego,5760,0.1779,0.5292,1285.0,28.0,0.8041,65900
101879,University of North Alabama,5741,0.3983,0.6434,1134.0,23.0,0.4571,36300
171128,Michigan Technological University,5736,0.2531,0.7388,1272.0,27.0,0.6843,58400
186371,Rutgers University-Camden,5618,0.5108,0.7138,1086.0,20.0,0.58,58000
160621,Southern University and A & M College,5612,0.6873,0.3724,1019.0,19.0,0.3042,34900
212115,East Stroudsburg University of Pennsylvania,5599,0.3874,0.8156,1029.0,22.0,0.498,43100
168148,Tufts University,5597,0.1198,0.1462,1461.0,33.0,0.9258,84800
137564,Southeastern University,5570,0.3556,0.4807,1069.0,21.0,0.4217,34600
240471,University of Wisconsin-River Falls,5570,0.2853,0.7507,1135.0,23.0,0.5654,40500
162928,Johns Hopkins University,5567,0.1329,0.1148,1513.0,34.0,0.9299,78400
109785,Azusa Pacific University,5545,0.326,0.6851,1147.0,24.0,0.6263,52500
138716,Albany State University,5545,0.5925,0.905,865.0,17.0,0.1924,32500
159966,Nicholls State University,5543,0.3805,0.937,1117.0,22.0,0.4502,41900
122931,Santa Clara University,5504,0.1055,0.4991,1366.0,30.0,0.9052,74600
196167,SUNY College at Geneseo,5490,0.2659,0.6481,1219.0,26.0,0.8085,47600
218742,University of South Carolina-Upstate,5403,0.4589,0.5719,1025.0,20.0,0.4597,39600
226833,Midwestern State University,5372,0.4071,0.7107,1033.0,20.0,0.4206,45900
377555,University of Washington-Bothell Campus,5363,0.3144,0.7935,1139.0,23.0,0.6227,61000
221768,The University of Tennessee-Martin,5354,0.4216,0.6890000000000001,1170.0,24.0,0.4768,35400
216010,Shippensburg University of Pennsylvania,5343,0.321,0.8762,1068.0,20.0,0.5257,42200
171146,University of Michigan-Flint,5343,0.3949,0.6626,1097.0,23.0,0.4632,42300
225627,University of the Incarnate Word,5312,0.4137,0.8794,1044.0,20.0,0.4877,49100
188429,Adelphi University,5307,0.32,0.7418,1182.0,25.0,0.7018,56200
175856,Jackson State University,5305,0.6169,0.6893,1018.0,20.0,0.4258,31200
186131,Princeton University,5301,0.1863,0.0548,1503.0,34.0,0.9638,92400
161554,University of Southern Maine,5281,0.366,0.8543,1050.0,22.0,0.3946,40300
186201,Ramapo College of New Jersey,5262,0.2553,0.6289,1149.0,24.0,0.7359,49700
235316,Gonzaga University,5237,0.1333,0.6562,1282.0,28.0,0.8583,54800
196246,SUNY College at Plattsburgh,5229,0.4005,0.5425,1142.0,23.0,0.6805,40500
178624,Northwest Missouri State University,5193,0.3191,0.7915,1104.0,22.0,0.4878,37700
482149,Augusta University,5146,0.3984,0.8006,1172.0,23.0,0.3148,66800
201645,Case Western Reserve University,5131,0.1439,0.2925,1443.0,32.0,0.8489,79300
178341,Missouri Southern State University,5122,0.4638,0.9562,1085.0,21.0,0.3274,34200
168263,Westfield State University,5110,0.3258,0.8605,1086.0,23.0,0.6342,43800
117140,University of La Verne,5098,0.4501,0.5089,1120.0,23.0,0.6912,49000
155681,Pittsburg State University,5067,0.3531,0.8958,1150.0,23.0,0.5301,42500
211361,California University of Pennsylvania,5063,0.4164,0.9699,1007.0,20.0,0.5308,39800
129941,University of New Haven,5041,0.2745,0.8387,1129.0,23.0,0.647,48100
213543,Lehigh University,5030,0.1519,0.2233,1380.0,31.0,0.8742,77000
168005,Suffolk University,5012,0.27,0.8533,1131.0,24.0,0.5916,51000
100654,Alabama A & M University,4990,0.7067,0.8986,957.0,18.0,0.2685,30600
206622,Xavier University,4955,0.1589,0.7379,1198.0,25.0,0.7316,50400
198543,Fayetteville State University,4915,0.5607,0.6787,987.0,20.0,0.3533,30600
126775,Colorado School of Mines,4906,0.1606,0.4919,1383.0,31.0,0.8019,80700
178615,Truman State University,4906,0.2072,0.653,1279.0,27.0,0.7188,45600
136215,Nova Southeastern University,4856,0.3994,0.7854,1196.0,25.0,0.5025,53000
231712,Christopher Newport University,4853,0.1463,0.6777,1204.0,26.0,0.7246,45300
215770,Saint Joseph's University,4814,0.1268,0.7632,1214.0,26.0,0.8002,58700
140447,Mercer University,4765,0.3269,0.72,1279.0,28.0,0.6552,54800
129525,University of Hartford,4750,0.2873,0.7136,1160.0,25.0,0.5798,46800
236595,Seattle University,4674,0.1984,0.7565,1246.0,27.0,0.737,56100
102614,University of Alaska Fairbanks,4657,0.2202,0.7611,1128.0,22.0,0.3154,40400
232937,Norfolk State University,4636,0.6454,0.8969,954.0,19.0,0.3738,33900
144892,Eastern Illinois University,4631,0.3957,0.5531,1022.0,20.0,0.5849,40900
199999,Winston-Salem State University,4610,0.6542,0.6531,962.0,18.0,0.4809,33800
151342,Indiana University-South Bend,4603,0.4405,0.8190000000000001,1033.0,20.0,0.3208,36200
143358,Bradley University,4598,0.2732,0.6681,1212.0,26.0,0.7838,50600
185572,Monmouth University,4595,0.3022,0.7701,1141.0,22.0,0.6905,49400
174358,Minnesota State University Moorhead,4572,0.2928,0.6025,1132.0,23.0,0.4933,40300
151379,Indiana University-Southeast,4555,0.3954,0.8508,1050.0,20.0,0.3217,37500
150163,Butler University,4553,0.1463,0.6783,1276.0,28.0,0.8229,64800
166683,Massachusetts Institute of Technology,4550,0.1798,0.0674,1545.0,35.0,0.9416,130700
218964,Winthrop University,4545,0.4164,0.6728,1090.0,23.0,0.5592,35600
377564,University of Washington-Tacoma Campus,4530,0.4512,0.8556,1078.0,20.0,0.5815,61000
100830,Auburn University at Montgomery,4529,0.4584,0.9281,1084.0,21.0,0.33799999999999997,37000
198695,High Point University,4498,0.1068,0.7695,1184.0,25.0,0.6457,40700
420574,Arizona State University-Polytechnic,4495,0.3494,0.8337,1198.0,24.0,0.5723,48800
151263,University of Indianapolis,4487,0.3507,0.6891,1098.0,22.0,0.6034,42200
181002,Creighton University,4405,0.1427,0.7144,1276.0,27.0,0.8062,57600
196158,SUNY at Fredonia,4402,0.4266,0.7619,1084.0,24.0,0.6211,38500
232681,University of Mary Washington,4371,0.2017,0.7175,1174.0,26.0,0.6553,49100
162584,Frostburg State University,4359,0.3742,0.7831,1025.0,20.0,0.5178,41500
181215,University of Nebraska at Kearney,4328,0.3463,0.9363,1131.0,23.0,0.5841,40600
182670,Dartmouth College,4312,0.1628,0.0874,1488.0,33.0,0.9516,94000
173124,Bemidji State University,4308,0.3165,0.6667,1105.0,22.0,0.4599,40400
220613,Lee University,4258,0.3193,0.8919,1176.0,25.0,0.5721,35100
168227,Wentworth Institute of Technology,4254,0.2392,0.7604,1183.0,25.0,0.6598,60000
207865,Southwestern Oklahoma State University,4242,0.3448,0.9186,1085.0,21.0,0.3638,44900
146612,Lewis University,4217,0.3171,0.5776,1142.0,24.0,0.6354,48900
198136,Campbell University,4199,0.3552,0.763,1120.0,22.0,0.5293,48600
164739,Bentley University,4177,0.1383,0.4321,1338.0,30.0,0.8882,79200
214713,Pennsylvania State University-Penn State Harrisburg,4162,0.2877,0.8775,1177.0,25.0,0.6282,51200
231651,Regent University,4161,0.544,0.8167,1057.0,22.0,0.5859,40100
214591,Pennsylvania State University-Penn State Erie-Behrend College,4117,0.2858,0.8912,1171.0,25.0,0.6629,51200
159009,Grambling State University,4110,0.7858,0.9475,944.0,18.0,0.3298,30400
217402,Providence College,4079,0.1405,0.4897,1294.0,28.0,0.8597,60400
448840,University of South Florida-St Petersburg,4073,0.3978,0.3865,1188.0,25.0,0.3372,43300
165820,Fitchburg State University,4070,0.3898,0.8689,1078.0,22.0,0.6098,43200
210146,Southern Oregon University,4048,0.3157,0.7647,1063.0,22.0,0.4009,36100
232566,Longwood University,4028,0.2518,0.8913,1065.0,21.0,0.6853,39700
196219,SUNY at Purchase College,4024,0.3815,0.6505,1175.0,25.0,0.6277,37600
110097,Biola University,4005,0.3168,0.7347,1170.0,24.0,0.7298,43000
234155,Virginia State University,3986,0.7115,0.9109,933.0,18.0,0.3916,34700
407009,Arizona State University-West,3981,0.4835,0.8241,1132.0,22.0,0.7041,48800
215655,Robert Morris University,3979,0.2918,0.8413,1131.0,25.0,0.6367,48000
240374,University of Wisconsin-Parkside,3978,0.4071,0.6712,1065.0,21.0,0.3814,37200
227757,Rice University,3962,0.1472,0.1113,1513.0,34.0,0.9471,74800
217059,York College of Pennsylvania,3960,0.2652,0.6973,1132.0,24.0,0.5861,47300
201104,Ashland University,3955,0.3537,0.6806,1132.0,23.0,0.6142,40000
107044,Harding University,3953,0.2524,0.7462,1222.0,26.0,0.6719,42700
143118,Aurora University,3944,0.4444,0.8116,1068.0,21.0,0.5403,43900
166656,MCPHS University,3933,0.2846,0.9348,1144.0,25.0,0.6905,97800
127918,Regis University,3926,0.2444,0.6029,1160.0,24.0,0.6912,58900
100724,Alabama State University,3903,0.7448,0.9774,972.0,18.0,0.3001,27500
211644,Clarion University of Pennsylvania,3849,0.3932,0.941,1041.0,20.0,0.5307,36800
130934,Delaware State University,3835,0.5119,0.4917,938.0,20.0,0.4008,35400
186283,Rider University,3830,0.3019,0.6967,1101.0,23.0,0.6474,47000
165662,Emerson College,3817,0.1582,0.3564,1307.0,29.0,0.7875,46100
165866,Framingham State University,3804,0.3539,0.7329,1046.0,21.0,0.5623,44400
209825,University of Portland,3757,0.1586,0.7533,1232.0,26.0,0.8218,57200
227845,Saint Edward's University,3757,0.3847,0.8639,1185.0,25.0,0.6345,47500
138558,Abraham Baldwin Agricultural College,3744,0.4529,0.6894,1032.0,20.0,0.2199,33000
140960,Savannah State University,3742,0.732,0.2918,1251.0,24.0,0.2771,30200
196006,SUNY College of Technology at Alfred,3721,0.5184,0.6297,1071.0,22.0,0.5561,41100
197151,School of Visual Arts,3693,0.2104,0.7,1202.0,26.0,0.7226,42500
230852,Champlain College,3686,0.2316,0.7541,1193.0,25.0,0.6417,47600
214801,Pennsylvania State University-Penn State Abington,3683,0.3871,0.8475,1144.0,24.0,0.5447,51200
120883,University of the Pacific,3665,0.365,0.6348,1240.0,26.0,0.7309,74600
192703,Manhattan College,3654,0.2969,0.7455,1174.0,25.0,0.7352,61800
128106,Colorado State University-Pueblo,3630,0.3891,0.9520000000000001,1040.0,21.0,0.3229,39800
165015,Brandeis University,3627,0.1755,0.3115,1398.0,31.0,0.8805,57700
215929,University of Scranton,3624,0.1879,0.7319,1209.0,26.0,0.8231,56000
121150,Pepperdine University,3619,0.1676,0.3565,1330.0,29.0,0.831,72200
178059,Maryville University of Saint Louis,3609,0.2626,0.945,1146.0,23.0,0.7213,50400
194091,New York Institute of Technology,3592,0.4105,0.7575,1172.0,25.0,0.51,57800
194578,Pratt Institute-Main,3591,0.2178,0.507,1213.0,28.0,0.7215,43200
211291,Bucknell University,3583,0.1077,0.3304,1353.0,30.0,0.8842,73700
229018,The University of Texas of the Permian Basin,3558,0.2501,0.905,1046.0,20.0,0.4077,50100
209506,Oregon Institute of Technology,3558,0.2409,0.9585,1139.0,23.0,0.5167,55800
169080,Calvin University,3550,0.2069,0.7897,1270.0,27.0,0.7734,45300
237367,Fairmont State University,3540,0.4075,0.9477,1048.0,21.0,0.3625,35600
154493,Upper Iowa University,3524,0.3681,0.5047,1063.0,21.0,0.4308,44100
102049,Samford University,3524,0.1227,0.8208,1228.0,26.0,0.7636,50700
222178,Abilene Christian University,3524,0.2698,0.5696,1162.0,24.0,0.6695,42400
212160,Edinboro University of Pennsylvania,3498,0.424,0.8,1050.0,20.0,0.4476,33300
216366,Thomas Jefferson University,3495,0.3188,0.5827,1163.0,25.0,0.6365,79000
199111,University of North Carolina at Asheville,3478,0.3424,0.9363,1179.0,25.0,0.6341,35000
155025,Emporia State University,3447,0.3818,0.8532,1118.0,22.0,0.4526,36300
186867,Stevens Institute of Technology,3420,0.1633,0.4142,1412.0,32.0,0.8746,76400
183062,Keene State College,3416,0.2508,0.8136,1053.0,21.0,0.6008,41100
128744,University of Bridgeport,3415,0.473,0.5724,997.0,20.0,0.4162,41300
133881,Florida Institute of Technology,3411,0.2165,0.6504,1264.0,28.0,0.5976,53300
193292,Molloy College,3409,0.3172,0.8103,1155.0,24.0,0.7522,60900
219718,Bethel University,3383,0.491,0.6649,1051.0,21.0,0.2878,39800
151360,Indiana University-Northwest,3380,0.4192,0.7961,1022.0,21.0,0.3386,37000
132471,Barry University,3368,0.48200000000000004,0.9125,1006.0,20.0,0.3633,47800
226471,University of Mary Hardin-Baylor,3362,0.4089,0.8668,1123.0,23.0,0.4537,42200
187648,Eastern New Mexico University-Main Campus,3347,0.3452,0.6038,1020.0,20.0,0.3462,32600
138947,Clark Atlanta University,3320,0.6914,0.5185,1032.0,20.0,0.4471,32600
201654,Cedarville University,3318,0.2048,0.7936,1246.0,26.0,0.7232,44300
238616,Concordia University-Wisconsin,3272,0.3532,0.6473,1150.0,23.0,0.5858,44600
207971,University of Tulsa,3246,0.177,0.4077,1321.0,29.0,0.7374,57300
175005,St Catherine University,3238,0.3974,0.7325,1124.0,22.0,0.5628,48400
214689,Pennsylvania State University-Penn State Altoona,3220,0.2964,0.9088,1094.0,23.0,0.6409,51200
233374,University of Richmond,3215,0.196,0.3017,1401.0,32.0,0.8718,59700
147828,Olivet Nazarene University,3209,0.3168,0.6506,1129.0,23.0,0.6102,41400
107983,Southern Arkansas University Main Campus,3203,0.4915,0.6878,1105.0,22.0,0.4051,37800
216852,Widener University,3201,0.2384,0.6920000000000001,1115.0,23.0,0.6335,53600
152600,Valparaiso University,3170,0.2897,0.8931,1204.0,26.0,0.71,47100
215442,Point Park University,3170,0.4162,0.6507,1098.0,23.0,0.5969,38300
229780,Wayland Baptist University,3169,0.3672,0.9804,1003.0,19.0,0.23600000000000002,44600
141644,Hawaii Pacific University,3160,0.2528,0.7513,1126.0,23.0,0.4708,51000
207582,Oral Roberts University,3159,0.4093,0.805,1120.0,22.0,0.5699,38700
139968,Gordon State College,3145,0.5296,0.7057,951.0,18.0,0.1125,31500
196024,SUNY College of Technology at Delhi,3142,0.4773,0.6361,1011.0,20.0,0.4374,37000
121309,Point Loma Nazarene University,3130,0.2962,0.6893,1240.0,27.0,0.7733,52200
139250,College of Coastal Georgia,3129,0.4079,0.9274,1018.0,20.0,0.2072,30300
196015,SUNY College of Technology at Canton,3127,0.5749,0.7799,997.0,20.0,0.3974,34700
127185,Fort Lewis College,3118,0.3339,0.9092,1094.0,21.0,0.4373,35000
175342,Alcorn State University,3106,0.7765,0.8931,1026.0,20.0,0.405,31900
218061,Francis Marion University,3097,0.5373,0.6419,987.0,20.0,0.3936,35100
164173,Stevenson University,3087,0.3203,0.7316,1113.0,22.0,0.5592,49000
201195,Baldwin Wallace University,3058,0.32799999999999996,0.7425,1175.0,24.0,0.6362,44600
110413,California Lutheran University,3054,0.301,0.7147,1163.0,24.0,0.7616,48900
170301,Hope College,3046,0.1927,0.7561,1233.0,26.0,0.7891,43500
230047,Brigham Young University-Hawaii,3040,0.1954,0.4478,1169.0,24.0,0.6335,43200
176053,Mississippi College,3036,0.2992,0.384,1199.0,25.0,0.529,41000
151388,Indiana University-East,3028,0.3797,0.6488,1037.0,21.0,0.4055,34100
174844,St Olaf College,3022,0.1852,0.4991,1320.0,29.0,0.8621,47600
213613,Lock Haven University,3020,0.3992,0.9434,1020.0,22.0,0.5412,37500
218645,University of South Carolina Aiken,3019,0.4183,0.5095,1041.0,20.0,0.3996,37200
203368,John Carroll University,3013,0.2071,0.8325,1209.0,25.0,0.7765,51400
191931,Iona College,3005,0.321,0.8816,1089.0,23.0,0.6676,52900
107071,Henderson State University,2996,0.5071,0.9055,1116.0,22.0,0.3476,35000
190044,Clarkson University,2983,0.2375,0.7108,1263.0,27.0,0.7529,64600
207847,Southeastern Oklahoma State University,2960,0.4385,0.7539,1065.0,21.0,0.3304,37000
179894,Webster University,2958,0.3347,0.5614,1181.0,24.0,0.5912,45000
153269,Drake University,2952,0.1746,0.6766,1278.0,27.0,0.7837,61200
121691,University of Redlands,2945,0.3197,0.7475,1189.0,26.0,0.7393,52900
484905,University of North Texas at Dallas,2945,0.6147,0.8311,992.0,18.0,0.3041,43900
148627,Saint Xavier University,2943,0.5486,0.7395,1061.0,22.0,0.5708,47300
190099,Colgate University,2934,0.1166,0.2493,1443.0,33.0,0.8889,64100
217688,Charleston Southern University,2933,0.4809,0.5205,1130.0,23.0,0.4205,36300
224226,Dallas Baptist University,2931,0.2879,0.8807,1145.0,22.0,0.5287,44800
145725,Illinois Institute of Technology,2924,0.3156,0.5818,1318.0,29.0,0.7246,71600
219976,Lipscomb University,2914,0.2621,0.5951,1225.0,26.0,0.6547,43800
143048,School of the Art Institute of Chicago,2893,0.1888,0.5855,1226.0,25.0,0.6486,34700
114813,Fresno Pacific University,2888,0.6062,0.8511,1053.0,20.0,0.6638,41300
217864,Citadel Military College of South Carolina,2882,0.2379,0.8079999999999999,1129.0,23.0,0.7154,52500
218229,Lander University,2879,0.4726,0.4257,1029.0,20.0,0.4268,34900
159656,Loyola University New Orleans,2868,0.3211,0.9431,1192.0,25.0,0.6104,43400
236577,Seattle Pacific University,2861,0.2938,0.9008,1145.0,24.0,0.6786,46700
199069,University of Mount Olive,2853,0.5027,0.5296,1019.0,19.0,0.4684,40700
238458,Carroll University,2843,0.2498,0.6864,1165.0,24.0,0.616,44100
134945,Jacksonville University,2838,0.2958,0.8993,1185.0,24.0,0.5271,51500
237792,Shepherd University,2817,0.3271,0.8946,1074.0,21.0,0.4819,38900
144962,Elmhurst College,2799,0.3823,0.6736,1113.0,23.0,0.6339,46800
142328,Lewis-Clark State College,2787,0.3497,0.9989,1009.0,20.0,0.3987,36100
204501,Oberlin College,2785,0.0937,0.3621,1383.0,30.0,0.8617,41300
123554,Saint Mary's College of California,2781,0.2524,0.7719,1174.0,25.0,0.7712,54100
196051,SUNY Morrisville,2758,0.5491,0.7186,955.0,19.0,0.3333,35000
169716,University of Detroit Mercy,2754,0.3,0.8298,1163.0,24.0,0.6534,50000
238476,Carthage College,2751,0.2899,0.6783,1173.0,24.0,0.6448,44600
193973,Niagara University,2749,0.2916,0.8663,1125.0,24.0,0.7069,43100
168254,Western New England University,2746,0.2738,0.8537,1160.0,25.0,0.6033,52100
171492,Northwood University,2744,0.3101,0.6754,1090.0,22.0,0.4918,50600
141981,University of Hawaii-West Oahu,2743,0.3423,0.7531,1008.0,19.0,0.3168,38000
236230,Pacific Lutheran University,2739,0.3128,0.7979,1172.0,24.0,0.6714,45900
212601,Gannon University,2733,0.2646,0.8085,1129.0,23.0,0.6726,50600
218070,Furman University,2731,0.1394,0.6105,1353.0,30.0,0.8038,50500
151333,Indiana University-Kokomo,2730,0.4086,0.7999,1047.0,21.0,0.3688,37900
195720,Saint John Fisher College,2728,0.3088,0.6445,1171.0,24.0,0.7284,50000
207041,East Central University,2725,0.4404,0.8264,1062.0,21.0,0.3483,38500
173160,Bethel University,2723,0.2567,0.7051,1216.0,25.0,0.7662,49600
199962,Wingate University,2721,0.4097,0.8479,1079.0,21.0,0.5137,48600
148654,University of Illinois at Springfield,2704,0.353,0.5282,1129.0,24.0,0.513,44100
145619,Benedictine University,2692,0.4085,0.6283,1110.0,23.0,0.4703,50400
217633,Anderson University,2685,0.2608,0.6229,1133.0,23.0,0.5887,35300
197708,Yeshiva University,2682,0.1721,0.6028,1259.0,26.0,0.8311,58000
141565,University of Hawaii at Hilo,2681,0.4806,0.7863,1057.0,20.0,0.414,38000
159382,Louisiana State University-Alexandria,2673,0.3763,0.5645,1050.0,20.0,0.2965,35000
208822,George Fox University,2669,0.3074,0.8231,1148.0,24.0,0.6683,45600
134079,Florida Southern College,2666,0.2652,0.5023,1230.0,26.0,0.6418,40900
151801,Indiana Wesleyan University-Marion,2647,0.3105,0.6829,1139.0,24.0,0.6629999999999999,52800
147660,North Central College,2641,0.2651,0.5568,1083.0,24.0,0.6793,47700
213996,Messiah College,2633,0.2033,0.7889,1207.0,26.0,0.7782,42000
213385,Lafayette College,2616,0.1022,0.2939,1351.0,30.0,0.8678,68500
192323,Le Moyne College,2607,0.3038,0.688,1189.0,26.0,0.7519,47200
215284,University of Pittsburgh-Johnstown,2598,0.3093,0.6511,1120.0,24.0,0.4845,50000
195526,Skidmore College,2598,0.1522,0.2693,1325.0,29.0,0.8624,52300
133711,Flagler College-St Augustine,2589,0.3001,0.5665,1134.0,23.0,0.5566,39100
208646,Eastern Oregon University,2587,0.426,0.9813,1045.0,21.0,0.3255,39900
239318,Milwaukee School of Engineering,2582,0.2902,0.6311,1295.0,28.0,0.7355,64600
219046,Black Hills State University,2563,0.2678,0.8832,1084.0,21.0,0.34299999999999997,35900
189097,Barnard College,2557,0.1671,0.1392,1422.0,32.0,0.9191,63800
154518,Waldorf University,2554,0.5334,0.7544,1028.0,20.0,0.2857,37300
230959,Middlebury College,2550,0.1408,0.1671,1439.0,33.0,0.9112,61500
163338,University of Maryland Eastern Shore,2538,0.5405,0.5411,960.0,18.0,0.3855,36400
202763,The University of Findlay,2533,0.1907,0.7429,1165.0,24.0,0.615,53100
102377,Tuskegee University,2529,0.5256,0.5182,1119.0,22.0,0.4242,39000
156365,Campbellsville University,2522,0.2559,0.8334,1082.0,21.0,0.4014,30500
186432,Saint Peter's University,2512,0.6439,0.7424,1032.0,20.0,0.5,43800
214704,Pennsylvania State University-Penn State Berks,2509,0.3111,0.8723,1107.0,24.0,0.5923,51200
156286,Bellarmine University,2488,0.259,0.8584,1211.0,25.0,0.6733,48400
161873,University of Baltimore,2486,0.1041,0.784,1020.0,22.0,0.3674,60700
106412,University of Arkansas at Pine Bluff,2467,0.7231,0.4435,978.0,18.0,0.2883,28100
229267,Trinity University,2462,0.1745,0.3416,1355.0,30.0,0.763,58200
174899,The College of Saint Scholastica,2457,0.3102,0.6618,1150.0,23.0,0.6933,52600
210739,DeSales University,2449,0.2576,0.7853,1134.0,25.0,0.7095,51500
160904,Xavier University of Louisiana,2437,0.5186,0.5788,1133.0,23.0,0.4932,56300
197133,Vassar College,2436,0.2529,0.2458,1442.0,32.0,0.9193,48700
218733,South Carolina State University,2415,0.731,0.5324,929.0,17.0,0.3369,29800
200253,Minot State University,2410,0.2148,0.501,1059.0,21.0,0.4602,43300
156541,University of the Cumberlands,2408,0.3376,0.733,1141.0,23.0,0.3268,35800
195216,St Lawrence University,2406,0.2001,0.4607,1292.0,29.0,0.8175,50000
201548,Capital University,2400,0.28600000000000003,0.7302,1162.0,24.0,0.5833,42400
136330,Palm Beach Atlantic University,2400,0.2914,0.9529,1126.0,23.0,0.5342,45100
168218,Wellesley College,2392,0.2049,0.1954,1435.0,32.0,0.9248,59700
161457,University of New England,2379,0.1289,0.7982,1146.0,23.0,0.625,46700
148487,Roosevelt University,2377,0.4395,0.6485,1123.0,24.0,0.3895,43900
202523,Denison University,2368,0.2132,0.3391,1323.0,30.0,0.8458,50900
149781,Wheaton College,2364,0.2041,0.8265,1340.0,30.0,0.8677,48700
204936,Otterbein University,2361,0.2532,0.8102,1191.0,24.0,0.6208,41900
164580,Babson College,2361,0.14300000000000002,0.2441,1367.0,30.0,0.9147,95800
216931,Wilkes University,2358,0.326,0.7482,1153.0,24.0,0.5976,54000
237066,Whitworth University,2357,0.2791,0.9078,1194.0,25.0,0.7854,44500
228149,St. Mary's University,2356,0.4554,0.7497,1162.0,24.0,0.5599,43200
119173,Mount Saint Mary's University,2349,0.5961,0.8382,1031.0,20.0,0.6358,59400
165529,Curry College,2342,0.2737,0.9271,1026.0,20.0,0.5308,48100
139719,Fort Valley State University,2337,0.7692,0.6127,962.0,18.0,0.2819,30200
162283,Coppin State University,2326,0.6015,0.3821,958.0,18.0,0.2424,38200
170806,Madonna University,2311,0.3456,0.7827,1078.0,22.0,0.6054,43600
173045,Augsburg University,2311,0.44799999999999995,0.6896,1110.0,22.0,0.6395,50100
225399,Houston Baptist University,2311,0.4231,0.7002,1120.0,23.0,0.4047,48000
193645,The College of New Rochelle,2305,0.6158,0.8254,982.0,19.0,0.3512,36300
154235,Saint Ambrose University,2289,0.28800000000000003,0.6269,1132.0,23.0,0.6707,46400
214175,Muhlenberg College,2285,0.147,0.6179,1281.0,28.0,0.8193,56100
218238,Limestone College,2278,0.5183,0.4416,1055.0,21.0,0.3514,37100
175616,Delta State University,2269,0.3816,0.8519,1084.0,21.0,0.3852,34400
101709,University of Montevallo,2251,0.3986,0.4848,1170.0,24.0,0.4917,32300
232706,Marymount University,2243,0.2664,0.9091,1065.0,21.0,0.5737,50300
139764,Georgia Southwestern State University,2231,0.3987,0.6929,1037.0,20.0,0.2888,36300
151786,Marian University,2226,0.2501,0.6138,1125.0,23.0,0.5705,47200
176035,Mississippi University for Women,2208,0.4913,0.9778,1085.0,21.0,0.4762,33100
191630,Hobart William Smith Colleges,2206,0.1828,0.5717,1264.0,28.0,0.7817,54900
140553,Morehouse College,2205,0.4796,0.5788,1120.0,23.0,0.5414,42300
132657,Lynn University,2194,0.2447,0.7045,1086.0,22.0,0.5472,43200
189705,Canisius College,2191,0.3311,0.787,1169.0,24.0,0.685,44700
240426,University of Wisconsin-Superior,2191,0.3472,0.7759999999999999,1105.0,22.0,0.3601,37700
166939,Mount Holyoke College,2190,0.2081,0.5091,1395.0,31.0,0.8266,42000
221892,Trevecca Nazarene University,2189,0.3778,0.6403,1121.0,22.0,0.547,43600
219347,South Dakota School of Mines and Technology,2177,0.2156,0.8332,1268.0,27.0,0.5011,61100
210775,Alvernia University,2176,0.3687,0.6838,1042.0,20.0,0.5718,42800
159416,Louisiana State University-Shreveport,2175,0.3529,0.8652,1133.0,23.0,0.3252,39700
200217,University of Mary,2169,0.2088,0.779,1138.0,23.0,0.5486,50100
141060,Spelman College,2166,0.4768,0.3934,1165.0,24.0,0.7519,43200
130590,Trinity College,2162,0.1297,0.3355,1386.0,31.0,0.8443,67100
173902,Macalester College,2160,0.1831,0.4124,1410.0,31.0,0.8951,44100
204185,University of Mount Union,2155,0.3169,0.9641,1132.0,23.0,0.6368,44600
101587,University of West Alabama,2152,0.5489999999999999,0.3966,1059.0,21.0,0.3123,33400
204635,Ohio Northern University,2144,0.25,0.6829999999999999,1202.0,25.0,0.7186,65600
150400,DePauw University,2141,0.1988,0.626,1239.0,26.0,0.8529,52700
179326,Southwest Baptist University,2126,0.4103,0.7040000000000001,1100.0,22.0,0.4817,37600
196112,SUNY Polytechnic Institute,2120,0.3988,0.6484,1176.0,24.0,0.5657,48200
205957,Franciscan University of Steubenville,2117,0.2405,0.7709999999999999,1195.0,25.0,0.7691,40200
213598,Lincoln University,2113,0.6469,0.4927,944.0,18.0,0.4743,30000
166452,Lesley University,2108,0.2333,0.7572,1128.0,26.0,0.6103,36800
167899,Springfield College,2103,0.2564,0.6317,1156.0,25.0,0.7246,45600
239716,Saint Norbert College,2099,0.2075,0.7768,1195.0,25.0,0.71,46300
148496,Dominican University,2098,0.509,0.6379,1064.0,22.0,0.6148,44400
201690,Central State University,2079,0.8161,0.5708,880.0,16.0,0.2335,25100
101189,Faulkner University,2079,0.4888,0.5227,1069.0,21.0,0.2794,37000
173665,Hamline University,2077,0.3759,0.6715,1170.0,24.0,0.6345,49500
152318,Rose-Hulman Institute of Technology,2073,0.1273,0.682,1387.0,31.0,0.8142,76100
214157,Moravian College,2061,0.2842,0.7282,1129.0,23.0,0.6773,48900
221971,Union University,2061,0.2395,0.5742,1259.0,27.0,0.7065,44000
152567,Trine University,2059,0.1493,0.7340000000000001,1144.0,24.0,0.6509999999999999,42400
219082,Dakota State University,2051,0.2387,0.8324,1145.0,23.0,0.4688,39700
176479,William Carey University,2050,0.4527,0.6787,1206.0,25.0,0.4745,35400
173258,Carleton College,2046,0.1453,0.1984,1453.0,33.0,0.9298,52500
217873,Claflin University,2043,0.7233,0.564,984.0,19.0,0.4955,28500
218654,University of South Carolina Beaufort,2040,0.4429,0.6328,1026.0,20.0,0.3239,35200
192864,Marymount Manhattan College,2032,0.2553,0.7807,1145.0,24.0,0.4772,40500
168342,Williams College,2028,0.1966,0.1297,1490.0,34.0,0.9543,60000
218441,North Greenville University,2025,0.3855,0.5962,1174.0,26.0,0.5413,32600
144005,Chicago State University,2024,0.6412,0.3276,972.0,18.0,0.1939,34700
233541,Shenandoah University,2022,0.254,0.7029,1103.0,24.0,0.5777,44600
175078,Southwest Minnesota State University,2022,0.11800000000000001,0.6034,1047.0,20.0,0.4582,37200
150534,University of Evansville,2018,0.2182,0.6948,1203.0,25.0,0.7394,45000
183239,Saint Anselm College,2016,0.1375,0.7664,1223.0,27.0,0.7742,56300
198561,Gardner-Webb University,2010,0.4533,0.4814,1080.0,21.0,0.5294,37700
173300,Concordia College at Moorhead,2009,0.2134,0.613,1192.0,24.0,0.7453,47600
211088,Arcadia University,2003,0.3096,0.6416,1157.0,24.0,0.705,43500
206589,The College of Wooster,2001,0.1677,0.5418,1275.0,28.0,0.7461,45700
161086,Colby College,2000,0.1304,0.1306,1437.0,32.0,0.9049,64900
199209,North Carolina Wesleyan College,1999,0.5466,0.6279,980.0,18.0,0.2941,37700
214069,Misericordia University,1997,0.253,0.8263,1133.0,25.0,0.6928,49200
193353,Mount Saint Mary College,1996,0.3482,0.9378,1100.0,22.0,0.5659,47900
217493,Rhode Island School of Design,1994,0.1751,0.2387,1319.0,29.0,0.8915,49200
237932,West Liberty University,1994,0.4036,0.6936,1050.0,20.0,0.4673,35900
170675,Lawrence Technological University,1991,0.2337,0.7772,1174.0,26.0,0.5802,54200
191515,Hamilton College,1989,0.1668,0.2128,1446.0,33.0,0.9254,59800
133492,Eckerd College,1987,0.1895,0.6766,1205.0,26.0,0.6799,44200
221351,Rhodes College,1985,0.1424,0.4455,1352.0,30.0,0.8535,54500
233426,Roanoke College,1981,0.2538,0.7249,1154.0,25.0,0.6703,46000
165671,Emmanuel College,1976,0.2614,0.77,1195.0,26.0,0.6564,50500
153834,Luther College,1974,0.1914,0.6257,1236.0,26.0,0.7935,43500
147679,North Park University,1967,0.4347,0.4658,1080.0,22.0,0.5954,43300
153278,University of Dubuque,1965,0.5383,0.7303,998.0,19.0,0.4341,39900
230807,Westminster College,1946,0.2734,0.9292,1185.0,24.0,0.6055,52200
212832,Gwynedd Mercy University,1943,0.3441,0.92,1031.0,21.0,0.536,51700
154712,Benedictine College,1942,0.1981,0.9284,1194.0,25.0,0.5975,39900
128391,Western Colorado University,1940,0.2328,0.8891,1095.0,22.0,0.48,35800
147013,McKendree University,1924,0.3104,0.6663,1149.0,24.0,0.5442,43600
147244,Millikin University,1918,0.3735,0.6126,1125.0,24.0,0.5787,42800
139144,Berry College,1913,0.228,0.6612,1232.0,26.0,0.6618,39000
120254,Occidental College,1910,0.2028,0.373,1368.0,30.0,0.8547,52800
237312,University of Charleston,1910,0.3535,0.5042,1057.0,21.0,0.4667,45700
227863,University of St Thomas,1909,0.3773,0.8224,1159.0,24.0,0.5660000000000001,48800
214272,Neumann University,1907,0.3942,0.6902,1000.0,19.0,0.4686,42000
212984,Holy Family University,1903,0.3643,0.7198,1017.0,20.0,0.5974,48800
152530,Taylor University,1888,0.1806,0.7764,1211.0,26.0,0.8249,38000
211981,Delaware Valley University,1884,0.3178,0.6566,1080.0,23.0,0.5293,40900
126182,Adams State University,1881,0.4844,0.9865,994.0,20.0,0.2669,32300
170639,Lake Superior State University,1873,0.3821,0.6338,1075.0,22.0,0.5414,36900
169983,Kettering University,1861,0.2245,0.7027,1287.0,28.0,0.628,75700
220631,Lincoln Memorial University,1861,0.4669,0.5971,1116.0,22.0,0.5673,37800
436836,University of Connecticut-Stamford,1858,0.40700000000000003,0.782,1108.0,24.0,0.6745,57300
164465,Amherst College,1855,0.2326,0.1281,1449.0,33.0,0.9329999999999999,64800
212133,Eastern University,1844,0.4457,0.6843,1108.0,21.0,0.6063,44100
123651,Vanguard University of Southern California,1842,0.4734,0.4017,1039.0,20.0,0.6437,44600
181446,Nebraska Wesleyan University,1839,0.3058,0.7208,1199.0,25.0,0.632,46000
198385,Davidson College,1839,0.1702,0.195,1392.0,31.0,0.8957,63400
174075,University of Minnesota-Crookston,1834,0.2212,0.6592,1104.0,22.0,0.4764,43000
231581,Bridgewater College,1830,0.3177,0.6608,1082.0,22.0,0.6395,41600
206437,Walsh University,1826,0.33,0.778,1128.0,23.0,0.585,47500
163462,Mount St. Mary's University,1822,0.273,0.6813,1104.0,22.0,0.6421,51600
234207,Washington and Lee University,1822,0.0952,0.2116,1444.0,33.0,0.9499,74700
209612,Pacific University,1820,0.3049,0.8531,1169.0,24.0,0.65,43700
196103,SUNY College of Environmental Science and Forestry,1819,0.2808,0.614,1227.0,26.0,0.7716,42200
174491,University of Northwestern-St Paul,1818,0.2019,0.9262,1187.0,24.0,0.6305,40100
178244,Missouri Baptist University,1818,0.187,0.5229,1074.0,21.0,0.3571,36800
207324,Oklahoma Christian University,1813,0.2767,0.6476,1165.0,24.0,0.5708,36900
213826,Marywood University,1810,0.3111,0.7636,1107.0,24.0,0.6652,39200
207403,Oklahoma Baptist University,1808,0.3949,0.6431,1138.0,23.0,0.5218,38100
128902,Connecticut College,1798,0.16399999999999998,0.3776,1380.0,31.0,0.8111,53200
167783,Simmons University,1790,0.2662,0.6972,1228.0,27.0,0.8005,52400
219949,Cumberland University,1785,0.3323,0.6166,1082.0,21.0,0.4292,39200
112075,Concordia University-Irvine,1784,0.27899999999999997,0.6178,1142.0,24.0,0.6333,44300
174747,College of Saint Benedict,1782,0.2499,0.8338,1195.0,25.0,0.802,48300
168528,Adrian College,1781,0.3383,0.6481,1072.0,23.0,0.4519,42100
237899,West Virginia State University,1781,0.2815,0.9439,1023.0,20.0,0.2923,31100
230834,Castleton University,1774,0.3617,0.8547,1022.0,21.0,0.5501,38000
163295,Maryland Institute College of Art,1774,0.2058,0.6426,1178.0,26.0,0.6993,37300
152336,University of Saint Francis-Fort Wayne,1774,0.4061,0.9342,1062.0,21.0,0.5495,40400
226231,LeTourneau University,1771,0.2712,0.4553,1205.0,25.0,0.6063,50100
238980,Lakeland University,1765,0.4009,0.5198,1008.0,19.0,0.48,41800
198969,Methodist University,1759,0.4082,0.5469,1060.0,21.0,0.3632,41000
219000,Augustana University,1752,0.2024,0.6542,1230.0,26.0,0.7012,42400
168281,Wheaton College,1750,0.2098,0.6984,1280.0,29.0,0.7806,46700
210669,Allegheny College,1735,0.3352,0.6361,1249.0,27.0,0.738,46600
153375,Grand View University,1731,0.3926,0.9198,1060.0,21.0,0.5034,40900
195164,St Bonaventure University,1730,0.2824,0.7284,1158.0,25.0,0.6845,43500
160630,Southern University at New Orleans,1726,0.6243,0.3009,925.0,17.0,0.25,28300
164720,Becker College,1725,0.3693,0.6634,1087.0,23.0,0.4368,42500
125763,Whittier College,1719,0.3754,0.7595,1126.0,23.0,0.6552,43100
203535,Kenyon College,1719,0.1026,0.3583,1395.0,31.0,0.87,49500
225247,Hardin-Simmons University,1719,0.3647,0.8420000000000001,1085.0,21.0,0.4784,43200
224004,Concordia University Texas,1716,0.4281,0.9063,1065.0,21.0,0.3484,49000
240107,Viterbo University,1709,0.2752,0.758,1172.0,24.0,0.6184,44700
219806,Carson-Newman University,1695,0.4142,0.6603,1137.0,23.0,0.5077,38000
199412,Queens University of Charlotte,1695,0.2752,0.7854,1142.0,24.0,0.5309,43300
207458,Oklahoma City University,1691,0.2009,0.7618,1230.0,26.0,0.6384,46600
139199,Brenau University,1688,0.5379999999999999,0.5688,1031.0,20.0,0.43200000000000005,42800
145646,Illinois Wesleyan University,1686,0.222,0.5855,1247.0,27.0,0.7935,54600
234085,Virginia Military Institute,1685,0.1521,0.513,1226.0,27.0,0.7792,56100
213507,Lebanon Valley College,1684,0.2625,0.7821,1180.0,25.0,0.7295,47800
153384,Grinnell College,1683,0.1875,0.2438,1450.0,32.0,0.8378,45800
207306,Northwestern Oklahoma State University,1681,0.3637,0.6239,1044.0,20.0,0.2966,37800
204194,Mount Vernon Nazarene University,1671,0.3607,0.7575,1130.0,23.0,0.5882,45000
172334,Spring Arbor University,1671,0.397,0.7093,1134.0,23.0,0.5687,41400
215743,Saint Francis University,1668,0.1899,0.7538,1146.0,23.0,0.6909,52400
174792,Saint Johns University,1667,0.2157,0.797,1209.0,25.0,0.7572,56300
117627,La Sierra University,1666,0.4932,0.4709,1022.0,20.0,0.4527,49000
183822,Bloomfield College,1660,0.7027,0.6062,960.0,18.0,0.3379,38700
218973,Wofford College,1659,0.1591,0.6358,1298.0,29.0,0.8055,54000
176044,Mississippi Valley State University,1659,0.6915,0.863,945.0,17.0,0.2887,25600
224545,Texas A&M University-Texarkana,1656,0.5113,0.5109,1074.0,21.0,0.2814,37500
166692,Massachusetts Maritime Academy,1653,0.1647,0.8905,1127.0,23.0,0.7324,84600
228325,Southwestern Assemblies of God University,1651,0.5369,0.9069,1045.0,20.0,0.4428,34900
166391,Lasell University,1650,0.3079,0.7978,1074.0,21.0,0.6079,41600
237330,Concord University,1644,0.5084,0.8898,1050.0,21.0,0.379,32600
193399,College of Mount Saint Vincent,1630,0.4921,0.7782,1021.0,21.0,0.5144,54500
156295,Berea College,1630,0.8347,0.382,1192.0,25.0,0.6282,32100
182795,Franklin Pierce University,1627,0.3117,0.6611,1052.0,21.0,0.4991,41500
183910,Caldwell University,1625,0.4242,0.6664,1051.0,20.0,0.5685,42600
141486,Chaminade University of Honolulu,1621,0.4547,0.9769,1070.0,22.0,0.588,36800
190716,D'Youville College,1620,0.3758,0.996,1072.0,19.0,0.5971,49600
184612,Felician University,1617,0.5572,0.8055,999.0,19.0,0.4561,50500
215798,Saint Vincent College,1607,0.2795,0.6835,1126.0,22.0,0.767,44700
236896,Walla Walla University,1604,0.3062,0.5077,1114.0,24.0,0.5682,45400
212197,Elizabethtown College,1602,0.2047,0.7572,1185.0,25.0,0.7271,50100
165936,Gordon College,1593,0.2357,0.7547,1184.0,26.0,0.7013,44400
188641,Alfred University,1591,0.40299999999999997,0.6269,1102.0,24.0,0.597,42400
148584,University of St Francis,1590,0.3577,0.4678,1129.0,23.0,0.6182,52800
180416,Montana Technological University,1585,0.2996,0.9175,1199.0,25.0,0.5233,51400
196291,SUNY Maritime College,1581,0.2169,0.7166,1176.0,25.0,0.6626,68900
157809,Thomas More University,1579,0.2648,0.9003,1099.0,22.0,0.4828,54300
179043,Rockhurst University,1579,0.1427,0.6612,1204.0,25.0,0.7534,51300
107141,John Brown University,1575,0.2921,0.7715,1257.0,27.0,0.6572,51800
184773,Georgian Court University,1574,0.40299999999999997,0.725,1036.0,21.0,0.5438,40000
101912,Oakwood University,1569,0.5024,0.6589,999.0,19.0,0.4755,32400
198950,Meredith College,1563,0.3086,0.6257,1117.0,23.0,0.6133,37100
170037,Cornerstone University,1561,0.4057,0.7339,1089.0,23.0,0.5526,37500
198507,Elizabeth City State University,1553,0.6564,0.5929,974.0,19.0,0.4245,28400
213783,Mansfield University of Pennsylvania,1552,0.4371,0.9235,1042.0,20.0,0.46399999999999997,38600
121345,Pomona College,1549,0.2133,0.0761,1468.0,33.0,0.9373,66900
178697,College of the Ozarks,1548,0.5405,0.1152,1174.0,24.0,0.6584,33100
153001,Buena Vista University,1546,0.4856,0.5713,1094.0,22.0,0.5439,40300
107512,Ouachita Baptist University,1546,0.2928,0.636,1193.0,25.0,0.6419,38900
204264,Muskingum University,1544,0.396,0.7218,1102.0,22.0,0.5136,38500
216287,Swarthmore College,1544,0.1902,0.0949,1465.0,33.0,0.9444,56800
164270,McDaniel College,1542,0.2881,0.6431,1151.0,24.0,0.6659,46500
220516,King University,1539,0.4825,0.5813,1094.0,22.0,0.4646,47300
163912,St. Mary's College of Maryland,1538,0.2089,0.8006,1188.0,26.0,0.7995,44200
219833,Christian Brothers University,1535,0.3244,0.5601,1155.0,23.0,0.5817,44400
213400,Lancaster Bible College,1530,0.3529,0.6357,1106.0,23.0,0.6045,32600
151290,Indiana Institute of Technology,1524,0.3632,0.6318,1013.0,21.0,0.3461,44100
168546,Albion College,1512,0.4171,0.6824,1132.0,23.0,0.6444,47000
215275,University of Pittsburgh-Greensburg,1506,0.3611,0.6403,1112.0,24.0,0.3537,50000
197984,Belmont Abbey College,1505,0.3505,0.7978,1081.0,22.0,0.4433,38900
192271,LIM College,1503,0.342,0.8346,1061.0,21.0,0.5898,45200
192925,Medaille College,1490,0.5351,0.6348,987.0,20.0,0.3678,40700
154013,Mount Mercy University,1488,0.3988,0.6281,1120.0,22.0,0.7089,46100
174251,University of Minnesota-Morris,1488,0.3319,0.6279,1206.0,25.0,0.6601,39000
177214,Drury University,1486,0.2947,0.6824,1227.0,26.0,0.6399,32600
198756,Johnson C Smith University,1480,0.7496,0.4583,897.0,16.0,0.3577,28400
233295,Randolph-Macon College,1478,0.2168,0.6711,1139.0,24.0,0.6569,42700
154527,Wartburg College,1468,0.239,0.7571,1143.0,23.0,0.6743,46800
208488,Concordia University-Portland,1468,0.3739,0.6031,1074.0,21.0,0.4675,44700
224323,University of Dallas,1467,0.2317,0.3913,1238.0,26.0,0.6553,50200
168740,Andrews University,1466,0.2467,0.6554,1182.0,24.0,0.5794,40600
144351,Concordia University-Chicago,1463,0.4451,0.76,1102.0,23.0,0.494,39100
209922,Reed College,1456,0.1458,0.3503,1422.0,32.0,0.8125,41000
219259,Northern State University,1451,0.1645,0.8811,1104.0,22.0,0.4759,37000
237057,Whitman College,1446,0.1126,0.5015,1355.0,30.0,0.8740000000000001,46400
229160,Texas Wesleyan University,1445,0.5245,0.3586,1047.0,22.0,0.3777,40800
178369,Missouri Valley College,1440,0.3565,0.5918,997.0,19.0,0.2347,33300
152390,Saint Mary's College,1439,0.2338,0.8190000000000001,1186.0,25.0,0.777,50100
154688,Baker University,1436,0.1654,0.8765,1126.0,23.0,0.5891,51400
238661,Edgewood College,1435,0.3075,0.7288,1133.0,23.0,0.6324,44100
190761,Dominican College of Blauvelt,1433,0.4737,0.7677,1038.0,21.0,0.4266,50000
239017,Lawrence University,1431,0.2154,0.6248,1341.0,29.0,0.8049,39500
228343,Southwestern University,1430,0.2729,0.4502,1238.0,26.0,0.7444,50700
168786,Aquinas College,1428,0.314,0.6905,1133.0,24.0,0.6071,36800
140872,Reinhardt University,1425,0.4418,0.898,1079.0,21.0,0.2926,36700
156408,Centre College,1425,0.1697,0.7306,1354.0,30.0,0.812,50100
239080,Marian University,1417,0.3919,0.6504,1030.0,20.0,0.5302,44200
161518,Saint Joseph's College of Maine,1412,0.2368,0.8362,1069.0,21.0,0.6266,48600
174817,Saint Mary's University of Minnesota,1409,0.2981,0.9147,1148.0,23.0,0.6128,44700
216524,Ursinus College,1406,0.2057,0.7087,1231.0,26.0,0.7873,50700
224527,East Texas Baptist University,1401,0.4011,0.5449,1051.0,21.0,0.3457,41400
168591,Alma College,1396,0.3114,0.6411,1135.0,23.0,0.6368,41800
198303,Chowan University,1394,0.7363,0.5929,903.0,16.0,0.28600000000000003,30500
226383,Lubbock Christian University,1393,0.3814,0.8966,1094.0,22.0,0.4713,45300
150066,Anderson University,1392,0.3659,0.6502,1094.0,22.0,0.6039,38800
227331,Our Lady of the Lake University,1383,0.6148,0.9273,1002.0,19.0,0.3694,39700
154350,Simpson College,1377,0.287,0.8423,1136.0,23.0,0.6961,46200
153144,Coe College,1369,0.3264,0.6693,1211.0,25.0,0.6556,44200
195304,Sarah Lawrence College,1369,0.163,0.5585,1343.0,30.0,0.7326,39800
228981,Texas Lutheran University,1361,0.3458,0.5428,1086.0,22.0,0.5324,44900
153825,Loras College,1361,0.2427,0.9268,1113.0,22.0,0.6756,46400
221953,Tusculum University,1358,0.5578,0.6629,1071.0,21.0,0.3125,38000
169442,College for Creative Studies,1357,0.3343,0.4216,1097.0,24.0,0.621,42500
150677,Grace College and Theological Seminary,1353,0.3053,0.8179,1148.0,24.0,0.5673,35500
153250,Dordt University,1346,0.2374,0.7316,1219.0,25.0,0.7307,41900
209065,Linfield College-McMinnville Campus,1343,0.2808,0.8104,1117.0,23.0,0.6485,58700
204468,Notre Dame College,1340,0.3721,0.8965,994.0,19.0,0.423,37900
187967,New Mexico Institute of Mining and Technology,1333,0.3005,0.2316,1264.0,26.0,0.5552,59900
194958,Roberts Wesleyan College,1329,0.3939,0.6461,1129.0,24.0,0.6809999999999999,43400
194161,Nyack College,1329,0.5698,0.9825,999.0,20.0,0.4216,44700
216694,Waynesburg University,1322,0.3539,0.9145,1080.0,22.0,0.6629,48200
112260,Claremont McKenna College,1318,0.139,0.0931,1446.0,33.0,0.9313,80600
155900,Southwestern College,1314,0.4115,0.5553,1050.0,21.0,0.4762,47600
211431,Carlow University,1314,0.4345,0.8664,1092.0,22.0,0.5337,42900
214731,Pennsylvania State University-Penn State Brandywine,1313,0.3547,0.8685,1083.0,25.0,0.4737,51200
220215,Freed-Hardeman University,1311,0.2923,0.9316,1201.0,25.0,0.5981,39500
180692,The University of Montana-Western,1310,0.3638,0.6025,1031.0,20.0,0.44799999999999995,33700
164447,American International College,1307,0.5321,0.6839,1010.0,19.0,0.4669,45600
212911,Haverford College,1305,0.1628,0.1879,1461.0,33.0,0.9245,52200
211468,Cedar Crest College,1303,0.4341,0.5719,1065.0,22.0,0.4552,42600
234173,Virginia Wesleyan University,1302,0.4081,0.7041,1091.0,23.0,0.5174,38600
237950,West Virginia University Institute of Technology,1295,0.3241,0.6065,1170.0,24.0,0.3368,46000
101693,University of Mobile,1294,0.431,0.4704,1094.0,22.0,0.5044,37300
213011,Immaculata University,1285,0.2907,0.8076,1129.0,25.0,0.6872,51800
236452,Saint Martin's University,1284,0.3754,0.9563,1111.0,21.0,0.6157,47100
211583,Chestnut Hill College,1284,0.4692,0.9603,1026.0,18.0,0.6038,40500
198215,Catawba College,1283,0.4047,0.5162,1055.0,21.0,0.4628,38200
222983,Austin College,1279,0.3287,0.5532,1221.0,25.0,0.7013,46700
165574,Dean College,1275,0.3082,0.8286,1018.0,20.0,0.3903,33900
219383,University of Sioux Falls,1268,0.3169,0.9125,1135.0,23.0,0.4624,41600
180984,Concordia University-Nebraska,1268,0.2203,0.6791,1124.0,23.0,0.6284,41300
142461,Northwest Nazarene University,1268,0.3205,0.7094,1148.0,24.0,0.5868,44100
125727,Westmont College,1266,0.2092,0.6241,1249.0,27.0,0.7478,48000
100937,Birmingham-Southern College,1265,0.2214,0.5666,1232.0,26.0,0.68,43500
113698,Dominican University of California,1264,0.2965,0.8717,1126.0,23.0,0.7170000000000001,56700
212656,Geneva College,1263,0.3769,0.6332,1133.0,24.0,0.6372,40800
237215,Bluefield State College,1263,0.5729,0.9454,1020.0,19.0,0.26,32400
213358,La Roche University,1262,0.3498,0.9939,1008.0,19.0,0.5484,41800
167288,Massachusetts College of Liberal Arts,1260,0.4748,0.7369,1112.0,23.0,0.5552,34800
206507,Wilmington College,1253,0.4199,0.8459,1060.0,21.0,0.4895,37600
102234,Spring Hill College,1252,0.342,0.6577,1130.0,23.0,0.5864,44000
232672,Mary Baldwin University,1248,0.5502,0.9991,1053.0,21.0,0.4711,33700
122728,William Jessup University,1246,0.4369,0.5853,1084.0,22.0,0.5852,44400
215266,University of Pittsburgh-Bradford,1246,0.4266,0.4913,1082.0,23.0,0.4198,50000
150145,Bethel University,1244,0.4621,0.9233,1086.0,22.0,0.708,38700
140696,Oglethorpe University,1241,0.3992,0.6164,1202.0,25.0,0.5415,44600
183974,Centenary University,1241,0.3733,0.6682,987.0,20.0,0.5538,47300
154004,Morningside College,1240,0.2965,0.5758,1135.0,23.0,0.5055,42400
157058,Kentucky State University,1233,0.5014,0.7217,937.0,17.0,0.1798,28300
215132,University of the Sciences,1225,0.2796,0.6327,1221.0,26.0,0.7656,87500
140818,Piedmont College,1217,0.4726,0.5961,1093.0,22.0,0.5,40300
181330,Midland University,1212,0.2811,0.5207,1054.0,21.0,0.4423,41300
238333,Beloit College,1212,0.2496,0.564,1230.0,25.0,0.7942,36900
140988,Shorter University,1211,0.4469,0.5652,1055.0,21.0,0.4571,42800
180106,Carroll College,1210,0.221,0.7833,1199.0,25.0,0.6867,47900
228042,Schreiner University,1207,0.4043,0.9122,1051.0,21.0,0.4522,41100
218414,Newberry College,1205,0.45299999999999996,0.6634,1036.0,20.0,0.5136,36400
190248,Concordia College-New York,1202,0.3791,0.8133,1049.0,22.0,0.4348,44000
107080,Hendrix College,1192,0.2857,0.7217,1346.0,30.0,0.7073,41300
176628,Avila University,1191,0.4253,0.5456,1080.0,21.0,0.5,41300
203775,Malone University,1188,0.3863,0.6969,1110.0,22.0,0.5710000000000001,44200
233897,The University of Virginia's College at Wise,1187,0.3446,0.7742,1057.0,22.0,0.4823,34900
204200,Mount Saint Joseph University,1185,0.35200000000000004,0.6032,1122.0,23.0,0.5292,40600
117751,The Master's University and Seminary,1185,0.3266,0.7688,1143.0,24.0,0.5962,41300
195243,St. Thomas Aquinas College,1180,0.2199,0.76,1028.0,22.0,0.5478,44400
217776,Southern Wesleyan University,1179,0.4434,0.5364,1062.0,21.0,0.5287,43800
237969,West Virginia Wesleyan College,1176,0.3459,0.7017,1102.0,22.0,0.4851,40100
216807,Westminster College,1173,0.3401,0.6642,1123.0,23.0,0.727,45100
133872,AdventHealth University,1166,0.4192,0.8689,1016.0,20.0,0.3012,56900
191533,Hartwick College,1165,0.4037,0.8334,1140.0,24.0,0.5843,45400
131098,Wesley College,1163,0.5429,0.6182,925.0,18.0,0.3178,41400
155520,MidAmerica Nazarene University,1160,0.3792,0.5853,1104.0,22.0,0.42,44700
214166,Mount Aloysius College,1155,0.2713,0.9163,1031.0,20.0,0.4489,39200
198862,Livingstone College,1148,0.8371,0.4164,855.0,15.0,0.2408,26000
176947,Central Methodist University-College of Liberal Arts and Sciences,1147,0.4156,0.9336,1106.0,22.0,0.3974,37300
234164,Virginia Union University,1132,0.6533,0.4375,884.0,17.0,0.32899999999999996,30400
213668,Lycoming College,1131,0.4084,0.6559999999999999,1104.0,22.0,0.6729,41200
198899,Mars Hill University,1130,0.6144,0.5737,1020.0,19.0,0.3899,33200
167394,College of Our Lady of the Elms,1127,0.4668,0.6747,1070.0,21.0,0.6598,48800
153366,Graceland University-Lamoni,1125,0.4091,0.5806,1056.0,21.0,0.5067,40400
232089,Ferrum College,1121,0.5998,0.754,973.0,20.0,0.2727,35800
200059,Dickinson State University,1114,0.2204,0.6642,1065.0,21.0,0.3439,49000
128498,Albertus Magnus College,1113,0.5541,0.5807,931.0,18.0,0.7177,51400
131450,Gallaudet University,1112,0.5775,0.5706,955.0,18.0,0.4717,32600
238430,Cardinal Stritch University,1107,0.3487,0.7094,1035.0,20.0,0.5062,52500
220710,Maryville College,1106,0.4234,0.5452,1189.0,25.0,0.5463,37900
150756,Hanover College,1099,0.3049,0.7934,1178.0,25.0,0.7151,42100
225575,Huston-Tillotson University,1084,0.6524,0.4689,897.0,16.0,0.233,30700
226587,McMurry University,1080,0.5005,0.4124,1057.0,21.0,0.33,41300
120403,Otis College of Art and Design,1080,0.3776,0.9441,1158.0,23.0,0.5738,45300
204617,Ohio Dominican University,1080,0.3874,0.7535,1096.0,22.0,0.5038,43900
101435,Huntingdon College,1078,0.441,0.5841,1100.0,22.0,0.4291,39900
153108,Central College,1076,0.2813,0.6999,1156.0,24.0,0.7156,41300
155335,Newman University,1073,0.1434,0.6182,1143.0,23.0,0.5397,42900
232256,Hampden-Sydney College,1072,0.1797,0.5903,1164.0,25.0,0.6559,48600
155089,Friends University,1071,0.3641,0.4735,1078.0,21.0,0.3886,44200
446048,Ave Maria University,1070,0.2593,0.8295,1169.0,24.0,0.5551,38300
125897,Woodbury University,1051,0.4531,0.6566,1056.0,22.0,0.5198,46600
160074,Franciscan Missionaries of Our Lady University,1049,0.3257,0.5920000000000001,1120.0,22.0,0.3505,49200
123165,Scripps College,1048,0.1076,0.2424,1409.0,32.0,0.8809,48900
203085,Heidelberg University,1044,0.41,0.7308,1111.0,22.0,0.4957,37800
120865,Pacific Union College,1038,0.4307,0.4944,1080.0,22.0,0.5498,52300
240338,Wisconsin Lutheran College,1037,0.3125,0.8039,1142.0,23.0,0.625,40100
157377,Midway University,1036,0.4611,0.6059,1081.0,21.0,0.3673,33400
161235,University of Maine at Fort Kent,1033,0.2273,0.9502,1005.0,19.0,0.4571,36700
219639,Baptist Memorial College of Health Sciences,1032,0.5079,0.5887,1105.0,22.0,0.4848,55100
232043,Eastern Mennonite University,1030,0.3087,0.5920000000000001,1144.0,26.0,0.5991,41100
138868,Point University,1029,0.355,0.5318,998.0,19.0,0.3173,32400
150455,Earlham College,1025,0.2736,0.6522,1294.0,29.0,0.6386,33700
153162,Cornell College,1022,0.2676,0.6102,1240.0,27.0,0.7583,39400
217907,Coker University,1017,0.5474,0.6255,1045.0,20.0,0.3529,31700
203757,Lourdes University,1014,0.4437,0.8946,1069.0,21.0,0.3425,38000
154101,Northwestern College,1006,0.2651,0.7143,1183.0,24.0,0.6854,37500
200572,Valley City State University,1006,0.2092,0.737,1059.0,21.0,0.4056,42500
157863,Union College,1003,0.5323,0.5634,1056.0,21.0,0.267,32100
146339,Judson University,999,0.3937,0.7101,1086.0,22.0,0.6364,43100
197027,United States Merchant Marine Academy,996,0.0996,0.21899999999999997,1296.0,29.0,0.8428,91500
141361,Young Harris College,990,0.3369,0.6345,1045.0,21.0,0.4052,33900
157818,Transylvania University,987,0.2305,0.8881,1275.0,27.0,0.7545,44700
171599,Olivet College,986,0.4741,0.7131,964.0,19.0,0.4833,37700
137476,St. Thomas University,986,0.1679,0.515,1031.0,19.0,0.3971,50200
203845,Marietta College,985,0.2539,0.6903,1137.0,23.0,0.5612,46500
150941,Huntington University,981,0.3439,0.8319,1102.0,23.0,0.6128,36300
161299,Maine Maritime Academy,979,0.276,0.5502,1104.0,24.0,0.7574,88000
177144,Culver-Stockton College,975,0.4007,0.46399999999999997,1058.0,21.0,0.5,35300
149505,Trinity Christian College,974,0.3713,0.6423,1088.0,22.0,0.6043,41400
218539,Presbyterian College,973,0.2923,0.6885,1115.0,22.0,0.6596,44200
148405,Rockford University,972,0.4689,0.4903,1088.0,21.0,0.381,41300
139393,Covenant College,971,0.2534,0.9717,1251.0,27.0,0.7052,39700
210331,Corban University,970,0.3614,0.9091,1123.0,23.0,0.6651,38200
214652,Pennsylvania State University-Penn State Scranton,970,0.4451,0.8228,1056.0,19.0,0.3964,51200
133526,Edward Waters College,968,0.221,0.5554,931.0,17.0,0.2009,26500
197911,Barton College,965,0.48700000000000004,0.3962,1032.0,20.0,0.5174,36300
232025,Emory & Henry College,964,0.435,0.6952,1075.0,21.0,0.5984,37500
181127,Hastings College,962,0.3074,0.642,1096.0,22.0,0.5297,41800
233611,Southern Virginia University,961,0.5311,0.6925,1137.0,23.0,0.3101,39600
156745,Georgetown College,961,0.3519,0.4795,1146.0,23.0,0.5847,39600
146676,Lincoln College,960,0.5846,0.7953,809.0,17.0,0.2458,30600
157757,Spalding University,955,0.408,0.9595,1065.0,21.0,0.386,42500
110404,California Institute of Technology,948,0.1415,0.0662,1566.0,36.0,0.9202,105700
221731,Tennessee Wesleyan University,943,0.4674,0.5952,1118.0,22.0,0.3991,38600
231420,Averett University,943,0.4725,0.6061,953.0,19.0,0.4163,44300
145372,Greenville University,938,0.4528,0.4839,1057.0,21.0,0.5878,37600
195544,St. Joseph's College-New York,937,0.4543,0.6977,1109.0,23.0,0.6847,47200
159568,Louisiana College,934,0.4539,0.7847,1084.0,21.0,0.2955,44400
169363,Concordia University-Ann Arbor,927,0.3321,0.4885,1085.0,21.0,0.3856,36600
203128,Hiram College,926,0.3909,0.5761,1090.0,22.0,0.5805,42500
150604,Franklin College,925,0.3477,0.7544,1083.0,22.0,0.6084,39800
236133,Northwest University,922,0.3326,0.9521,1138.0,24.0,0.5545,41300
174437,North Central University,921,0.3584,0.9004,1107.0,22.0,0.5438,34100
156356,Brescia University,918,0.3991,0.3855,1118.0,22.0,0.35,35300
148131,Quincy University,916,0.3519,0.6815,1079.0,22.0,0.5191,39500
170967,Rochester University,907,0.4051,1.0,1002.0,20.0,0.3701,37200
206835,Oklahoma Wesleyan University,905,0.4742,0.6773,964.0,19.0,0.3813,49900
147341,Monmouth College,901,0.4049,0.6937,1114.0,24.0,0.5743,42500
199306,Pfeiffer University,900,0.49200000000000005,0.6453,1025.0,20.0,0.4306,39700
201821,The Christ College of Nursing and Health Sciences,896,0.4354,0.6364,1079.0,21.0,0.4483,52000
138275,Warner University,896,0.6557,0.3539,996.0,19.0,0.3194,38900
225548,Howard Payne University,895,0.4292,0.5793,1041.0,21.0,0.4399,38700
217961,Converse College,893,0.4368,0.5852,1129.0,23.0,0.5591,29500
199184,University of North Carolina School of the Arts,890,0.2944,0.3823,1199.0,25.0,0.7267,36700
179964,William Woods University,889,0.3211,0.6391,1130.0,23.0,0.5821,37100
214829,Pennsylvania State University-Penn State York,888,0.2451,0.8534,1164.0,23.0,0.5272,51200
140252,Life University,888,0.4503,0.9363,979.0,19.0,0.3333,43700
231554,Bluefield College,887,0.5137,0.9536,980.0,18.0,0.2905,44400
115409,Harvey Mudd College,886,0.1336,0.1448,1531.0,35.0,0.9192,99300
141185,Toccoa Falls College,884,0.3331,0.6028,1077.0,22.0,0.5896,29600
220604,Le Moyne-Owen College,884,0.7683,0.9284,885.0,16.0,0.12,28900
199272,William Peace University,881,0.5161,0.5713,1042.0,21.0,0.3733,32300
152673,Wabash College,881,0.2743,0.6497,1223.0,26.0,0.7063,52200
177418,Fontbonne University,881,0.3595,0.8144,1079.0,21.0,0.6324,42300
180595,Rocky Mountain College,879,0.3552,0.5845,1119.0,23.0,0.4904,43000
200226,Mayville State University,878,0.2753,0.8608,1100.0,22.0,0.281,39000
200156,University of Jamestown,877,0.2593,0.615,1092.0,22.0,0.4253,44500
443410,DigiPen Institute of Technology,873,0.2636,0.5665,1282.0,28.0,0.4655,72800
204176,Mount Carmel College of Nursing,873,0.2568,0.7818,1070.0,21.0,0.6707,56700
120184,Notre Dame de Namur University,871,0.4502,0.8152,983.0,19.0,0.4944,53200
140234,LaGrange College,858,0.4589,0.4818,1100.0,22.0,0.46,39600
188526,Albany College of Pharmacy and Health Sciences,857,0.2697,0.7189,1228.0,26.0,0.664,112200
190372,Cooper Union for the Advancement of Science and Art,845,0.2744,0.1602,1417.0,33.0,0.8757,56100
174862,Crown College,844,0.4013,0.5507,1078.0,21.0,0.5235,34300
214670,Pennsylvania State University-Penn State Lehigh Valley,841,0.3656,0.8536,1108.0,24.0,0.629,51200
436818,University of Connecticut-Waterbury Campus,840,0.43,0.9666,1097.0,22.0,0.6357,57300
162210,Washington Adventist University,836,0.4593,0.5194,958.0,17.0,0.3664,44900
163578,Notre Dame of Maryland University,835,0.4132,0.8763,1069.0,24.0,0.5313,47600
217013,Wilson College,832,0.3511,0.9187,1054.0,20.0,0.4,32200
206613,Wright State University-Lake Campus,832,0.2729,0.9944,1064.0,21.0,0.43799999999999994,39300
141237,Truett McConnell University,830,0.1236,0.9306,1033.0,20.0,0.4332,32200
150668,Goshen College,825,0.3431,0.6603,1124.0,24.0,0.6845,41200
219790,Bryan College-Dayton,824,0.3202,0.5133,1163.0,24.0,0.4974,42500
237118,Alderson Broaddus University,823,0.521,0.4253,1029.0,20.0,0.3503,39400
238078,Wheeling University,820,0.3329,0.8634,1072.0,22.0,0.556,46600
207722,University of Science and Arts of Oklahoma,817,0.4853,0.5304,1090.0,22.0,0.4606,36100
262129,New College of Florida,808,0.3222,0.7679,1323.0,29.0,0.6009,36900
173452,Martin Luther College,803,0.2736,0.8926,1189.0,24.0,0.7263,36700
179955,William Jewell College,803,0.2457,0.4597,1228.0,26.0,0.6459,45400
175980,Millsaps College,793,0.2788,0.5931,1212.0,25.0,0.6381,47400
220701,Martin Methodist College,792,0.4678,0.9961,1084.0,21.0,0.3652,31100
139630,Emmanuel College,788,0.405,0.4197,1033.0,19.0,0.4271,30300
239628,Ripon College,787,0.3783,0.69,1155.0,24.0,0.6814,41700
157076,Kentucky Wesleyan College,783,0.4804,0.6416,1115.0,23.0,0.4204,35800
154721,Bethany College,781,0.489,0.6776,1035.0,21.0,0.2901,37400
215114,Cairn University-Langhorne,776,0.4377,0.7607,1075.0,21.0,0.6225,36000
181297,Nebraska Methodist College of Nursing & Allied Health,775,0.3507,0.907,1140.0,23.0,0.6333,50800
231837,Radford University-Carilion,774,0.2983,0.2995,1022.0,19.0,0.439,54800
199582,Saint Augustine's University,767,0.7977,0.6341,855.0,15.0,0.3083,26000
118888,Mills College,757,0.5177,0.8554,1158.0,25.0,0.7356,46600
237358,Davis & Elkins College,756,0.4504,0.3695,1005.0,19.0,0.4123,36300
228468,Southwestern Adventist University,755,0.4981,0.5533,1020.0,20.0,0.4915,43400
198598,Greensboro College,755,0.4501,0.4446,1021.0,19.0,0.3991,36400
220473,Johnson University,748,0.4524,0.7126,1138.0,23.0,0.6298,29100
220181,Fisk University,743,0.5341,0.7149,1029.0,20.0,0.4425,34900
219091,Dakota Wesleyan University,743,0.4297,0.7355,1095.0,22.0,0.5989,37500
120537,Hope International University,743,0.4401,0.2945,1022.0,21.0,0.4425,40400
155812,University of Saint Mary,732,0.3142,0.6135,1083.0,21.0,0.5517,43300
153126,Clarke University,731,0.3581,0.8248,1058.0,21.0,0.6323,43200
155140,Haskell Indian Nations University,730,0.6973,0.6759999999999999,961.0,18.0,0.4518,25800
176406,Tougaloo College,719,0.8651,0.9147,1011.0,20.0,0.3539,29500
174127,Minneapolis College of Art and Design,717,0.4157,0.6263,1133.0,23.0,0.6417,36700
155511,McPherson College,716,0.3903,0.7709,1084.0,21.0,0.3657,37800
199032,Montreat College,714,0.4518,0.5521,1060.0,22.0,0.4271,42500
179946,Westminster College,712,0.3168,0.9446,1133.0,23.0,0.5753,41500
214795,Pennsylvania State University-Penn State Mont Alto,710,0.2901,0.7617,1084.0,25.0,0.5016,51200
152381,Saint Mary-of-the-Woods College,707,0.5136,0.721,1027.0,20.0,0.5735,32300
155627,Ottawa University-Ottawa,706,0.4963,0.7815,1024.0,19.0,0.4459,44900
118693,Menlo College,706,0.3477,0.4548,1042.0,21.0,0.5878,46300
105899,Arizona Christian University,705,0.4173,0.5644,1032.0,20.0,0.4512,31900
216357,Thiel College,704,0.4138,0.7609999999999999,973.0,18.0,0.4832,37900
203580,Lake Erie College,703,0.312,0.65,1042.0,20.0,0.4945,35100
183071,University of New Hampshire at Manchester,703,0.315,0.6757,1114.0,24.0,0.4143,50800
149514,Trinity International University-Illinois,699,0.3522,0.7303,1095.0,23.0,0.4586,40000
181738,Union College,696,0.3892,0.9606,1079.0,21.0,0.5033,43800
147129,Methodist College,687,0.5556,0.3919,1015.0,19.0,0.4643,50400
219295,Presentation College,681,0.4113,0.9656,1050.0,21.0,0.2661,39800
239390,Mount Mary University,681,0.6,0.6198,1000.0,19.0,0.5053,40700
199607,Salem College,674,0.5716,0.3947,1183.0,25.0,0.6047,33900
123457,Simpson University,667,0.5920000000000001,0.5,1078.0,23.0,0.5986,38000
232308,Hollins University,666,0.3907,0.6392,1204.0,27.0,0.5547,30800
106713,Central Baptist College,663,0.4671,0.6074,1004.0,19.0,0.3365,37600
201371,Bluffton University,659,0.3938,0.4202,1080.0,22.0,0.5439,40600
202046,Cleveland Institute of Art,658,0.4418,0.7346,1129.0,22.0,0.6377,37900
165644,Eastern Nazarene College,658,0.4265,0.6368,1054.0,20.0,0.456,41700
106342,Lyon College,655,0.3854,0.4986,1195.0,25.0,0.4906,40800
155414,Kansas Wesleyan University,650,0.4597,0.4681,1115.0,23.0,0.3741,38700
180832,Clarkson College,646,0.2115,0.4068,1035.0,20.0,0.5349,49400
156189,Alice Lloyd College,644,0.5606,0.2778,1054.0,21.0,0.7005,37600
206491,Wilberforce University,643,0.7455,0.6737,862.0,17.0,0.1838,31100
213774,Manor College,643,0.648,0.9382,898.0,15.0,0.2723,36700
214759,Pennsylvania State University-Penn State Fayette- Eberly,637,0.431,0.8045,1067.0,19.0,0.4931,51200
199865,Warren Wilson College,635,0.35700000000000004,0.8559,1206.0,25.0,0.5234,25400
199698,St. Andrews University,634,0.466,0.4068,987.0,20.0,0.3151,35600
214768,Pennsylvania State University-Penn State Hazleton,634,0.4119,0.8584,1046.0,24.0,0.5058,51200
115728,Holy Names University,626,0.5008,0.7004,849.0,20.0,0.4809,51600
239071,Maranatha Baptist University,623,0.35100000000000003,0.9079999999999999,1147.0,23.0,0.5323,35900
206349,Ursuline College,621,0.4138,0.9034,1102.0,22.0,0.4432,46500
175430,Blue Mountain College,618,0.5238,0.9293,1112.0,22.0,0.4857,31000
138293,Webber International University,613,0.49200000000000005,0.4012,981.0,19.0,0.26899999999999996,35600
203544,Kettering College,610,0.3386,0.2663,1125.0,22.0,0.3457,57200
178679,Ozark Christian College,600,0.3952,0.5755,1163.0,24.0,0.522,31500
155973,Tabor College,600,0.3432,0.5748,1066.0,21.0,0.4214,42600
173142,Bethany Lutheran College,599,0.3026,0.7787,1120.0,22.0,0.5515,40100
153621,Iowa Wesleyan University,594,0.4682,0.5802,1044.0,21.0,0.2232,35900
201858,Cincinnati Christian University,592,0.4319,0.4158,991.0,19.0,0.5398,32300
178208,Midwestern Baptist Theological Seminary,588,0.3705,0.9561,1118.0,23.0,0.1,PrivacySuppressed
233301,Randolph College,587,0.36200000000000004,0.8668,1081.0,22.0,0.5944,35200
219198,Mount Marty College,584,0.2237,0.6922,1073.0,21.0,0.513,38700
214698,Pennsylvania State University-Penn State Beaver,576,0.3405,0.6433,1111.0,23.0,0.4585,51200
217998,Erskine College,572,0.3568,0.5824,1047.0,21.0,0.6058,36600
155937,Sterling College,568,0.429,0.4052,1039.0,20.0,0.5324,37000
214625,Pennsylvania State University-Penn State New Kensington,567,0.3025,0.8005,1091.0,22.0,0.4671,51200
180878,Bryan College of Health Sciences,566,0.3034,0.4,1100.0,22.0,0.6944,50700
152099,Oakland City University,563,0.1932,0.49700000000000005,1013.0,19.0,0.5728,35900
143288,Blackburn College,561,0.6011,0.5155,1050.0,20.0,0.5185,35700
141325,Wesleyan College,557,0.42200000000000004,0.4787,1030.0,20.0,0.5164,32800
144971,Eureka College,557,0.4202,0.5728,1067.0,21.0,0.5385,37500
207856,Southwestern Christian University,556,0.4919,0.8014,997.0,19.0,0.3,32900
209409,Northwest Christian University,555,0.4331,0.6242,1058.0,21.0,0.4638,43400
237181,Bethany College,555,0.4227,0.9077,1028.0,20.0,0.3396,38600
227429,Paul Quinn College,549,0.797,0.9009,836.0,15.0,0.1961,29100
179548,Stephens College,548,0.5038,0.5886,1138.0,23.0,0.4964,35700
146825,MacMurray College,548,0.4952,0.5535,1024.0,20.0,0.4178,35200
215691,Rosemont College,544,0.5337,0.8866,1026.0,20.0,0.5333,42600
158477,Centenary College of Louisiana,544,0.3884,0.5969,1173.0,24.0,0.6013,41600
436827,University of Connecticut-Avery Point,542,0.3272,0.9208,1120.0,23.0,0.5754,57300
202912,Good Samaritan College of Nursing and Health Science,532,0.37200000000000005,0.4444,1105.0,22.0,1.0,48200
454184,The King's College,529,0.2973,0.5382,1237.0,27.0,0.5124,PrivacySuppressed
217925,Columbia International University,526,0.4822,0.3339,1039.0,20.0,0.6415,29400
202514,Defiance College,520,0.4726,0.524,1013.0,20.0,0.3856,39500
456959,University of Minnesota-Rochester,519,0.3305,0.4954,1180.0,24.0,0.5857,54400
133809,Florida College,506,0.3602,0.7372,1101.0,23.0,0.5765,38200
117104,Life Pacific University,504,0.5538,0.9568,1002.0,19.0,0.4118,33400
157100,Kentucky Christian University,502,0.4618,0.3744,1016.0,19.0,0.3354,32700
150774,Holy Cross College,498,0.3214,0.8827,1270.0,28.0,0.3913,38300
214740,Pennsylvania State University-Penn State DuBois,476,0.3333,0.8459,1079.0,20.0,0.5318,51200
139205,Brewton-Parker College,476,0.3946,0.9678,953.0,17.0,0.2222,31300
169327,Cleary University,474,0.3664,0.5797,1039.0,19.0,0.381,52000
163976,St. John's College,474,0.2294,0.5761,1331.0,29.0,0.7551,39500
197993,Bennett College,469,0.6836,0.9634,911.0,17.0,0.3209,27600
197230,Wells College,463,0.5164,0.7871,1138.0,25.0,0.6041,31900
107877,Williams Baptist University,460,0.5011,0.5639,1034.0,20.0,0.3806,32200
214786,Pennsylvania State University-Penn State Greater Allegheny,456,0.4608,0.8728,1097.0,25.0,0.4627,51200
140720,Paine College,453,0.6667,0.3972,887.0,16.0,0.2717,25500
112084,San Diego Christian College,448,0.5243,0.6013,1055.0,20.0,0.4444,35900
154749,Bethel College-North Newton,442,0.4095,0.441,1077.0,21.0,0.5248,40600
399911,Soka University of America,428,0.2252,0.3896,1296.0,28.0,0.9029,PrivacySuppressed
162061,Capitol Technology University,427,0.406,0.6890000000000001,1070.0,20.0,0.4769,54400
230898,Green Mountain College,425,0.4423,0.7158,1085.0,21.0,0.5167,28400
206330,Urbana University,424,0.1253,0.9942,1106.0,23.0,0.2515,37300
124292,Thomas Aquinas College,407,0.2351,0.7773,1307.0,28.0,0.8571,36700
172440,Finlandia University,405,0.51,0.3203,1002.0,20.0,0.3056,34600
214643,Pennsylvania State University-Penn State Wilkes-Barre,401,0.3399,0.8601,1075.0,26.0,0.5338,51200
146667,Lincoln Christian University,398,0.4378,0.6351,1113.0,23.0,0.7065,33300
182458,Sierra Nevada College,397,0.38799999999999996,0.6433,1085.0,21.0,0.4714,38500
198109,Cabarrus College of Health Sciences,396,0.3484,0.4107,1083.0,22.0,0.6875,49500
181853,York College,396,0.4707,0.5033,1052.0,20.0,0.5059,29100
237640,Ohio Valley University,386,0.6338,0.3443,1078.0,21.0,0.46,32400
179265,St. Louis College of Pharmacy,379,0.3214,0.7083,1247.0,26.0,0.8506,109700
238324,Bellin College,377,0.1899,0.8814,1170.0,24.0,0.7391,58300
214148,Moore College of Art and Design,372,0.4611,0.5195,1194.0,27.0,0.5905,33500
439701,The King's University,362,0.39,0.2182,1071.0,23.0,0.3333,36300
194116,New York School of Interior Design,349,0.1821,0.2175,1159.0,21.0,0.625,50200
441982,Franklin W Olin College of Engineering,340,0.0921,0.1572,1522.0,35.0,0.9259,PrivacySuppressed
132408,The Baptist College of Florida,338,0.6173,0.8485,972.0,20.0,0.6222,33100
201177,Aultman College of Nursing and Health Sciences,329,0.4492,0.7463,1085.0,21.0,1.0,57100
137953,Trinity Baptist College,322,0.6322,0.6962,945.0,18.0,0.3387,30400
245652,St. John's College,320,0.3199,0.6704,1301.0,27.0,0.6364,38600
214634,Pennsylvania State University-Penn State Shenango,317,0.3796,0.7455,989.0,20.0,0.439,51200
233718,Sweet Briar College,313,0.3009,0.7569,1120.0,23.0,0.4602,36900
210492,Bryn Athyn College of the New Church,294,0.4048,0.888,1113.0,25.0,0.5556,PrivacySuppressed
138761,Andrew College,292,0.5719,0.4309,925.0,17.0,0.1494,28000
207157,Randall University,290,0.6645,0.505,1034.0,20.0,0.2264,35900
177117,Cottey College,271,0.4333,0.3804,1096.0,22.0,0.5906,31000
206817,Bacone College,271,0.6585,0.1524,914.0,17.0,0.1026,34300
239743,Holy Family College,270,0.4515,0.5,951.0,17.0,0.38,41500
153320,Faith Baptist Bible College and Theological Seminary,261,0.473,0.6229,1101.0,22.0,0.5072,33900
101541,Judson College,259,0.5302,0.48200000000000004,1054.0,20.0,0.3467,25500
176789,Calvary University,259,0.5225,0.6707,1117.0,23.0,0.2903,37800
220312,Hiwassee College,253,0.6355,0.6706,1036.0,20.0,0.2442,28600
153302,Emmaus Bible College,233,0.3933,0.9492,1120.0,22.0,0.7561,29000
155496,Manhattan Christian College,225,0.4291,0.5812,1115.0,22.0,0.6974,35300
224244,Dallas Christian College,212,0.619,0.287,1012.0,20.0,0.2128,41800
237136,Appalachian Bible College,204,0.3613,0.4524,1044.0,21.0,0.4857,34300
137962,Trinity College of Florida,201,0.6458,0.8312,973.0,18.0,0.2692,30700
132879,Johnson University Florida,199,0.6851,0.6541,1006.0,19.0,0.3418,29100
199458,Mid-Atlantic Christian University,196,0.6094,0.4412,962.0,19.0,0.2778,31600
201061,Art Academy of Cincinnati,191,0.52,0.3274,1059.0,21.0,0.6316,25500
392840,Watkins College of Art Design & Film,180,0.5317,0.7039,1084.0,22.0,0.3061,31400
200484,Trinity Bible College and Graduate School,176,0.5864,0.9231,1041.0,20.0,0.3934,32900
455770,Providence Christian College,171,0.3713,0.8792,1120.0,22.0,0.3333,PrivacySuppressed
449764,Visible Music College,165,0.4762,1.0,1060.0,19.0,0.4091,PrivacySuppressed
111966,Charles R Drew University of Medicine and Science,163,0.4493,0.3727,982.0,21.0,1.0,74200
171881,Kuyper College,158,0.375,0.6807,981.0,21.0,0.5606,28200
192040,Jewish Theological Seminary of America,146,0.0443,0.4676,1444.0,32.0,0.8158,PrivacySuppressed
181376,Nebraska Christian College of Hope International University,129,0.5137,0.3354,981.0,19.0,0.3864,32000
142090,Boise Bible College,110,0.5692,0.9231,1080.0,21.0,0.48,30700
197221,Webb Institute,104,0.0612,0.3333,1476.0,33.0,0.7273,PrivacySuppressed
